Status,Genus,Species,Body,Brain
Extant,Peroryctes,raffrayana,6.72142570079064,1.84530023615608
Extant,Echymipera,rufescens,6.96837990079857,1.31640823365572
Extant,Echymipera,kalubu,6.85646198459459,1.30019166206648
Extant,Echymipera,clara,7.12004008696147,1.49962304642689
Extant,Microperoryctes,longicauda,6.28785856016178,1.33762918913861
Extant,Isoodon,obesulus,6.62671774924902,1.35840915763035
Extant,Isoodon,macrourus,7.37775890822787,1.48613969608961
Extant,Perameles,bougainville,5.42053499927229,1.16627093714192
Extant,Perameles,nasuta,6.82979373751242,1.60140574073684
Extant,Perameles,gunnii,6.76849321164863,1.50407739677627
Extant,Macrotis,lagotis,7.20785987143248,1.88251383249652
Extant,Notoryctes,caurinus,4.00733318523247,-0.2484613592985
Extant,Burramys,parvus,3.72569342723665,0
Extant,Cercartetus,lepidus,1.94591014905531,-1.02165124753198
Extant,Cercartetus,concinnus,2.56494935746154,-1.20397280432594
Extant,Cercartetus,nanus,3.17805383034795,-0.843970070294529
Extant,Cercartetus,caudatus,3.40119738166216,-0.342490308946776
Extant,Phalanger,vestitus,7.52294091807237,2.2554934854602
Extant,Phalanger,carmelitae,6.90775527898214,2.13888900032326
Extant,Phalanger,orientalis,7.82404601085629,1.99741770620125
Extant,Phalanger,sericeus,7.60240133566582,2.29857707159651
Extant,Phalanger,lullulae,7.39786786115059,1.80664808172181
Extant,Phalanger,gymnotis,7.90100705199242,2.56494935746154
Extant,Phalanger,ornatus,7.49554194388426,1.94876321803772
Extant,Spilocuscus,maculatus,8.07090608878782,2.59525470695687
Extant,Spilocuscus,rufoniger,8.69951474821019,2.82137888640921
Extant,Wyulda,squamicaudata,7.27931883541462,2.31253542384721
Extant,Trichosurus,vulpecula,7.87283617502572,2.39789527279837
Extant,Trichosurus,caninus,8.1605182474775,2.47653840011748
Extant,Lagostrophus,fasciatus,7.37775890822787,1.94591014905531
Extant,Onychogalea,fraenata,8.6569551337914,2.68784749378469
Extant,Onychogalea,unguifera,8.8023721336499,2.81540871942271
Extant,Macropus,irma,8.98719682066197,3.20680324363393
Extant,Macropus,rufogriseus,9.69276652122048,3.58351893845611
Extant,Macropus,eugenii,8.77955745588373,3.16547504814109
Extant,Macropus,agilis,9.61580548008435,3.5055573969864
Extant,Macropus,parryi,9.51044496442652,3.72086249996699
Extant,Macropus,parma,8.41183267575841,2.92852352386054
Extant,Macropus,dorsalis,9.21532791348722,3.37416870927424
Extant,Macropus,antilopinus,10.2045176425074,4.03953632572711
Extant,Macropus,robustus,10.1415197163441,4.07753744390572
Extant,Macropus,rufus,10.5966347330961,4.13356527537538
Extant,Wallabia,bicolor,9.61580548008435,3.49347265777133
Extant,Macropus,giganteus,10.615211118669,4.24563400976833
Extant,Macropus,fuliginosus,10.5050675395706,4.06044301054642
Extant,Lagorchestes,hirsutus,7.41457288135059,2.05027016437956
Extant,Lagorchestes,conspicillatus,8.06306291132679,2.63905732961526
Extant,Setonix,brachyurus,8.00636756765025,2.63188884013665
Extant,Thylogale,stigmatica,8.43381158247719,2.87919845729804
Extant,Thylogale,brunii,8.19422930481982,2.86220088092947
Extant,Thylogale,browni,8.22737550683403,2.90690105984738
Extant,Thylogale,thetis,8.59415423255237,2.95491027903374
Extant,Thylogale,billardierii,8.60337088765729,3.09557760852371
Extant,Dendrolagus,goodfellowi,8.9226582995244,3.34638914516716
Extant,Dendrolagus,matschiei,9.0825070004663,3.31418600467253
Extant,Dendrolagus,spadix,9.11602969250494,3.3499040872746
Extant,Dendrolagus,lumholtzi,8.88114161932147,3.26575941076705
Extant,Dendrolagus,bennettianus,9.30109473524465,2.91777073208428
Extant,Dendrolagus,dorianus,9.16429643347478,3.47506723022861
Extant,Dendrolagus,inustus,9.50673438502998,3.40452517175483
Extant,Petrogale,xanthopus,9.10497985631836,3.13549421592915
Extant,Petrogale,penicillata,8.86785006302941,3.17387845893747
Extant,Petrogale,inornata,8.43381158247719,2.83321334405622
Extant,Petrogale,assimilis,8.41183267575841,2.86220088092947
Extant,Petrogale,lateralis,8.43381158247719,2.95491027903374
Extant,Petrogale,godmani,8.46589989702869,2.89037175789616
Extant,Petrogale,brachyotis,8.30647216010058,2.75684036527164
Extant,Petrogale,concinna,7.17011954344963,2.39789527279837
Extant,Petrogale,persephone,8.73230457103318,3.06805293513362
Extant,Dorcopsulus,vanheurni,7.43632258422428,2.46809953147162
Extant,Dorcopsulus,macleayi,8.00235954625271,2.60268968544438
Extant,Dorcopsis,atrata,7.62559507213245,2.81540871942271
Extant,Dorcopsis,muelleri,8.05515773181968,3.01553490085017
Extant,Potorous,tridactylus,7.00306545878646,2.25444471766611
Extant,Bettongia,gaimardi,7.41457288135059,2.45958884180371
Extant,Bettongia,penicillata,7.07432847880795,2.25758772706331
Extant,Bettongia,lesueur,7.15461535691366,2.35137525716348
Extant,Aepyprymnus,rufescens,7.91935619066062,2.50959926237837
Extant,Gymnobelideus,leadbeateri,4.84811636459848,1.04731899428056
Extant,Petaurus,breviceps,4.84811636459848,0.73716406597672
Extant,Petaurus,norfolcensis,5.4380793089232,1.10525683138678
Extant,Petaurus,australis,6.32346250333427,1.74221902366792
Extant,Dactylopsila,trivirgata,6.11257537285704,1.7630170003624
Extant,Dactylonax,palpator,6.07534603108868,1.93296963777958
Extant,Hemibelideus,lemuroides,6.88192451894762,1.14740245283754
Extant,Petauroides,volans,7.17011954344963,1.54543258245819
Extant,Pseudochirulus,forbesi,6.47697236288968,1.21194097397511
Extant,Pseudochirulus,mayeri,5.02223442993961,0.698134722070984
Extant,Pseudochirulus,caroli,6.08677472691231,1.16315080980568
Extant,Pseudochirulus,canescens,5.7037824746562,0.587786664902119
Extant,Pseudochirulus,herbertensis,7.01256564333448,1.71739505393919
Extant,Pseudocheirus,peregrinus,6.68461172766793,1.50851199384414
Extant,Pseudochirops,archeri,6.9985096422506,1.76985463384001
Extant,Petropseudes,dahli,7.40245152081824,1.61740608208328
Extant,Pseudochirops,albertisii,6.66504657217309,1.54329810992956
Extant,Pseudochirops,coronatus,7.3132203870903,1.63510565918268
Extant,Pseudochirops,cupreus,7.43838353004431,2.02022218201986
Extant,Pseudochirops,corinnae,7.02375895473844,1.67896397508271
Extant,Tarsipes,rostratus,2.35137525716348,-1.02165124753198
Extant,Acrobates,pygmaeus,2.4423470353692,-1.04982212449868
Extant,Distoechurus,pennatus,3.91202300542815,-0.0618754037180875
Extant,Lasiorhinus,latifrons,10.2082110908428,4.01638302075239
Extant,Vombatus,ursinus,10.1658518170036,4.07753744390572
Extant,Planigale,novaeguineae,2.70136121295141,-1.30933331998376
Extant,Planigale,maculata,2.2082744135228,-1.6094379124341
Extant,Planigale,gilesi,2.21920348405499,-1.77195684193188
Extant,Planigale,tenuirostris,1.80005827204275,-1.96611285637283
Extant,Planigale,ingrami,1.43508452528932,-1.89711998488588
Extant,Sminthopsis,griseoventer,2.86220088092947,-0.713349887877465
Extant,Sminthopsis,leucopus,3.17805383034795,-0.891598119283784
Extant,Sminthopsis,murina,2.83321334405622,-0.82098055206983
Extant,Sminthopsis,butleri,2.56494935746154,-1.04982212449868
Extant,Sminthopsis,hirtipes,2.94443897916644,-0.891598119283784
Extant,Ningaui,yvonneae,2.19722457733622,-1.34707364796661
Extant,Ningaui,ridei,2.14006616349627,-1.42711635564015
Extant,Sminthopsis,crassicaudata,2.70805020110221,-1.02165124753198
Extant,Sminthopsis,macroura,2.99573227355399,-0.916290731874155
Extant,Antechinomys,laniger,3.2188758248682,-0.755022584278033
Extant,Dasyuroides,byrnei,4.76643833358421,0.405465108108164
Extant,Dasykaluta,rosamondae,3.55534806148941,-0.616186139423817
Extant,Dasycercus,cristicauda,4.78749174278205,0.215111379616945
Extant,Pseudantechinus,macdonnellensis,3.48124008933569,-0.713349887877465
Extant,Pseudantechinus,bilarni,3.31418600467253,-0.430782916092454
Extant,Phascolosorex,dorsalis,3.8607297110406,0.104360015324243
Extant,Neophascogale,lorentzii,5.35658627467201,0.896088024556636
Extant,Dasyurus,albopunctatus,6.44094654063292,1.33236601909433
Extant,Dasyurus,viverrinus,7.00306545878646,1.67335123817775
Extant,Dasyurus,geoffroii,7.00306545878646,1.64287268852034
Extant,Dasyurus,maculatus,7.82404601085629,2.24177295359729
Extant,Dasyurus,hallucatus,6.39275428380567,1.21787570949493
Extant,Myoictis,melas,4.51085950651685,0.717839793150317
Extant,Parantechinus,apicalis,4.31079912538551,0.182321556793955
Extant,Phascogale,tapoatafa,5.26527751246984,0.593326845277734
Extant,Phascogale,calura,3.94158180766969,-0.0943106794712413
Extant,Murexia,longicaudata,4.35670882668959,0.518793793415168
Extant,Murexia,naso,3.88156379794344,-0.261364764134408
Extant,Murexia,melanurus,3.43398720448515,-0.430782916092454
Extant,Murexia,rothschildi,4.0943445622221,0.048790164169432
Extant,Antechinus,swainsonii,3.97029191355212,0.0861776962410524
Extant,Antechinus,minimus,4.21582445975981,-0.301105092783922
Extant,Antechinus,flavipes,3.80666248977032,-0.446287102628419
Extant,Antechinus,leo,4.30406509320417,-0.287682072451781
Extant,Antechinus,bellus,3.80666248977032,-0.462035459596559
Extant,Antechinus,stuartii,3.31418600467253,-0.27443684570176
Extant,Myrmecobius,fasciatus,6.28692876000182,1.44691898293633
Extant,Dromiciops,gliroides,3.17805383034795,-0.210721031315653
Extant,Thylamys,elegans,3.2188758248682,-0.342490308946776
Extant,Metachirus,nudicaudatus,5.7037824746562,1.25276296849537
Extant,Philander,opossum,6.10924758276437,1.34286480319255
Extant,Didelphis,virginiana,7.54960916515453,1.90508815453506
Extant,Didelphis,marsupialis,7.39018142822643,1.8484548129046
Extant,Didelphis,aurita,7.0475172213573,1.79674701073909
Extant,Monodelphis,brevicaudata,4.24849524204936,-0.105360515657826
Extant,Micoureus,demerarae,4.60517018598809,0.336472236621213
Extant,Marmosa,murina,3.80666248977032,0.0953101798043249
Extant,Marmosa,rubra,4.11087386417331,0.182321556793955
Extant,Marmosa,robinsoni,4.0943445622221,-0.356674943938732
Extant,Marmosa,mexicana,3.90197266957464,0
Extant,Caluromys,derbianus,5.76205138278018,1.22377543162212
Extant,Caluromys,lanatus,6.03548143252476,1.51292701205326
Extant,Caluromys,philander,5.23909800688807,1.25276296849537
Extant,Lestoros,inca,3.25037449192757,-0.23572233352107
Extant,Rhyncholestes,raphanurus,3.15700042115011,-0.430782916092454
Extant,Caenolestes,fuliginosus,3.55534806148941,-0.385662480811985
Fossil,Thylacosmilus,atrox,9.27645577418304,3.80666248977032
Extant,Eupleres,goudotii,8.00636756765025,2.83026783382646
Extant,Fossa,fossana,7.3132203870903,2.98011089265103
Extant,Cryptoprocta,ferox,9.15904707758863,3.47010136030937
Extant,Galidia,elegans,6.68461172766793,2.37024374146786
Extant,Salanoia,concolor,6.47697236288968,2.39971180372477
Extant,Suricata,suricatta,6.59304453414244,2.33020026002702
Extant,Crossarchus,obscurus,7.13089883029635,2.28033948404673
Extant,Helogale,parvula,5.7037824746562,1.56024766824333
Extant,Mungos,mungo,7.56527528189893,2.35042242240821
Extant,Herpestes,urva,7.52833176670725,3.04022751344054
Extant,Herpestes,brachyurus,7.27931883541462,2.52972066557779
Extant,Herpestes,javanicus,6.26720054854136,2.00417905717929
Extant,Herpestes,edwardsii,7.18538701558042,2.35042242240821
Extant,Herpestes,smithii,7.48436864328613,2.6203112867942
Extant,Herpestes,vitticollis,7.85554467791566,3.24998681989325
Extant,Herpestes,naso,8.00636756765025,3.23985423125339
Extant,Atilax,paludinosus,8.10167774745457,3.3499040872746
Extant,Ichneumia,albicauda,8.1605182474775,3.19006474301408
Extant,Cynictis,penicillata,6.73340189183736,2.35042242240821
Extant,Paracynictis,selousi,7.40245152081824,2.76000994003292
Extant,Rhynchogale,melleri,7.90838715929004,2.83026783382646
Extant,Bdeogale,crassicauda,7.34601020991329,2.83026783382646
Extant,Herpestes,ichneumon,8.55256033525353,3.15016862685841
Extant,Proteles,cristata,9.21034037197618,3.55990907281698
Extant,Hyaena,hyaena,10.638496187191,4.57995493684703
Extant,Hyaena,brunnea,10.5789797978574,4.72862598991501
Extant,Crocuta,crocuta,11.0508900053737,4.97002161121096
Fossil,Thalassictis,hipparionum,9.85008677580901,4.35195395041759
Fossil,Hyaenictitherium,hyaenoides,10.0501819316869,4.5107496103686
Fossil,Ictitherium,viverrinum,9.7981270368783,4.1159429617746
Extant,Hemigalus,derbyanus,7.65917136766606,2.94021956362373
Extant,Chrotogale,owstoni,7.58069975222456,3.11351530921037
Extant,Cynogale,bennettii,8.41183267575841,3.39986315864902
Extant,Arctogalidia,trivirgata,7.71868549519847,3.09013294897548
Extant,Paradoxurus,zeylonensis,7.93020620668468,2.87976009730157
Extant,Paradoxurus,hermaphroditus,8.06306291132679,2.91343703082716
Extant,Paguma,larvata,8.36637030168165,3.43010872515658
Extant,Arctictis,binturong,9.19826779074191,3.70990682130601
Extant,Viverra,tangalunga,9.0687768076544,3.18013499655177
Extant,Viverra,zibetha,9.15904707758863,3.61010677294854
Extant,Viverra,megaspila,9.13237883050647,3.60004824040732
Extant,Civettictis,civetta,9.39266192877014,3.61010677294854
Extant,Viverricula,indica,7.97590836016554,2.82018770103906
Extant,Genetta,tigrina,7.70975686445416,2.71997877196748
Extant,Genetta,angolensis,7.40853056689463,2.74019465442878
Extant,Genetta,genetta,7.60090245954208,2.63977136034892
Extant,Genetta,servalina,6.96602418710611,2.71004820376488
Extant,Prionodon,pardicolor,6.23441072571837,2.20055236742889
Extant,Prionodon,linsang,6.5510803350434,2.14006616349627
Extant,Prionailurus,rubiginosus,7.92660259918138,2.94021956362373
Extant,Prionailurus,viverrinus,9.1204156644482,3.84009726585656
Extant,Prionailurus,bengalensis,8.10167774745457,3.37997374521053
Extant,Prionailurus,planiceps,7.3132203870903,3.16420842352589
Extant,Otocolobus,manul,8.00636756765025,3.54008938052877
Extant,Felis,chaus,8.90788301394225,3.66995144422842
Extant,Felis,silvestris,8.61794309451638,3.62006513811358
Extant,Felis,nigripes,7.17011954344963,3.00022217882684
Extant,Puma,yagouaroundi,8.91731069319781,3.68987895444702
Extant,Puma,concolor,10.8512769514697,4.82999232768086
Extant,Acinonyx,jubatus,10.8197782844103,4.70998055034044
Extant,Lynx,rufus,9.09380655572023,4.05992563535164
Extant,Lynx,canadensis,9.17810846015857,4.19975507662997
Extant,Lynx,lynx,9.79534539391642,4.25006543721888
Extant,Leopardus,pardalis,9.38429367909962,4.14993693564581
Extant,Leopardus,geoffroyi,8.29404964010203,3.50645789231965
Extant,Leptailurus,serval,9.39266192877014,4.03953632572711
Extant,Caracal,caracal,9.52879410309472,4.01005674569951
Extant,Caracal,aurata,9.27331517113757,4.05992563535164
Extant,Panthera,tigris,11.9988024433723,5.62999240068545
Extant,Panthera,pardus,10.8597679326264,4.82999232768086
Extant,Panthera,leo,11.9922604216448,5.40999290043863
Extant,Panthera,onca,11.5129254649702,5.01999138902028
Extant,Neofelis,nebulosa,9.88735817060624,4.22989474904298
Fossil,Smilodon,fatalis,12.326518798606,5.84617862561486
Fossil,Homotherium,hadarensis,11.5756185343087,5.35427227869248
Fossil,Homotherium,serus,11.9183905730784,5.80600808161854
Fossil,Paleoprionodon,lamandini,7.58578882173203,2.18829594659192
Fossil,Stenogale,julieni,7.6685611080159,2.32532457996354
Fossil,Herpestides,antiquus,8.29404964010203,3.2722270003652
Extant,Nandinia,binotata,7.60090245954208,2.8501282996952
Extant,Urocyon,cinereoargenteus,8.25062008217469,3.70990682130601
Extant,Urocyon,littoralis,7.54960916515453,3.31998732623661
Extant,Alopex,lagopus,8.06777619577889,3.57009591812397
Extant,Vulpes,velox,7.69621263934641,3.47010136030937
Extant,Vulpes,rueppellii,8.08641027532378,3.19006474301408
Extant,Vulpes,vulpes,8.98719682066197,3.76999850539873
Extant,Vulpes,corsac,7.86914556356578,3.57627050973128
Extant,Vulpes,bengalensis,7.91205688817901,3.25037449192757
Extant,Vulpes,zerda,6.72743172485086,2.94706710157271
Extant,Vulpes,chama,7.99294454731811,3.51154543883102
Extant,Vulpes,pallida,7.9373746961633,3.22007510544368
Extant,Nyctereutes,procyonoides,8.3039999709552,3.3499040872746
Extant,Otocyon,megalotis,8.33086361322474,3.28989331210348
Extant,Cerdocyon,thous,8.56407677731509,3.73289633953071
Extant,Atelocynus,microtis,8.95544812234739,4.13003340463061
Extant,Chrysocyon,brachyurus,10.0540604110155,4.78998862298063
Extant,Speothos,venaticus,8.69951474821019,3.7000666435045
Extant,Canis,adustus,9.23503298456655,3.9500892062346
Extant,Canis,mesomelas,9.04782144247841,3.94002720183774
Extant,Canis,lupus,10.3791004205464,4.87976701889122
Extant,Canis,latrans,9.50375597627572,4.47994704123401
Extant,Canis,aureus,9.24474179869351,4.27999390910873
Extant,Canis,simensis,9.21034037197618,4.39036675894888
Extant,Cuon,alpinus,9.45407055689878,4.55387689160054
Extant,Lycaon,pictus,10.001067880875,4.8599674311041
Fossil,Tomarctus,brevirostris,9.8725127482367,3.93769075217672
Fossil,Epicyon,haydeni,11.1824750606675,4.87725627081532
Fossil,Borophagus,littoralis,10.3747404011823,4.84434455437483
Fossil,Aelurodon,ferox,10.4843055481222,4.90082042808905
Fossil,Hesperocyon,gregarius,7.74066440191724,2.70001802940495
Fossil,Osbornodon,fricki,10.5534662376947,4.61729636578593
Fossil,Mesocyon,brachyops,8.8942588250027,3.67249597486341
Fossil,Enhydrocyon,basilatus,10.2747062219157,4.29973139194705
Extant,Eira,barbara,8.27129265297941,3.57990129154419
Extant,Martes,pennanti,8.29404964010203,3.46009502290964
Extant,Martes,foina,7.33953769540767,3.04022751344054
Extant,Martes,zibellina,7.02997291170639,2.91777073208428
Extant,Martes,americana,7.13089883029635,2.76000994003292
Extant,Martes,martes,7.17011954344963,2.99573227355399
Extant,Martes,flavigula,7.51752085060303,3.52988372262348
Extant,Gulo,gulo,9.74155668538991,4.36003661678227
Extant,Poecilogale,albinucha,5.82894561761021,1.56024766824333
Extant,Ictonyx,striatus,7.17011954344963,2.28033948404673
Extant,Ictonyx,libyca,5.99146454710798,1.49962304642689
Extant,Vormela,peregusna,6.29156913955832,1.56024766824333
Extant,Galictis,cuja,7.36518012602101,2.71004820376488
Extant,Galictis,vittata,7.76131918094799,3.14285833844428
Extant,Aonyx,capensis,9.85219425814858,4.54997455052014
Extant,Aonyx,cinerea,8.30893825259578,3.46417218082354
Extant,Lutrogale,perspicillata,9.10497985631836,4.17007027275024
Extant,Lutra,lutra,9.08136999067922,3.74004774068834
Extant,Lutra,maculicollis,8.29654652030061,3.68987895444702
Extant,Enhydra,lutris,10.0647557001323,4.82999232768086
Extant,Lontra,canadensis,8.96826881077645,3.95718755738252
Extant,Lontra,longicaudis,8.98719682066197,3.88156379794344
Extant,Lontra,felina,8.29404964010203,3.65713075579936
Extant,Pteronura,brasiliensis,10.0858091093301,4.4500356890381
Extant,Mustela,frenata,5.01063529409626,1.38879124131848
Extant,Neovison,vison,6.46925031679577,1.94591014905531
Extant,Mustela,erminea,4.78749174278205,1.38629436111989
Extant,Mustela,lutreolina,6.08677472691231,2.14006616349627
Extant,Mustela,nigripes,6.74523634948436,2.14006616349627
Extant,Mustela,putorius,6.82437367004309,2.11625551480255
Extant,Mustela,sibirica,6.01615715969835,1.90954250488444
Extant,Mustela,altaica,5.13579843705026,1.50407739677627
Extant,Mustela,nivalis,4.60517018598809,0.688134638736401
Extant,Melogale,personata,7.43838353004431,2.62684014567667
Extant,Melogale,moschata,6.84428285602656,2.78809290877575
Extant,Meles,meles,9.47270463644367,3.91999117507732
Extant,Arctonyx,collaris,8.75778365633417,3.89995042419388
Extant,Mellivora,capensis,9.04782144247841,4.29004839777753
Extant,Taxidea,taxus,8.86925752279729,3.88998187455127
Extant,Bassariscus,astutus,7.02997291170639,2.79971738962803
Extant,Bassariscus,sumichrasti,6.80239476332431,2.96010509591084
Extant,Procyon,cancrivorus,8.68101127664563,3.67554088967476
Extant,Procyon,lotor,8.61794309451638,3.68987895444702
Extant,Nasua,narica,8.21608809863232,3.63758615972639
Extant,Nasua,nasua,8.26100978602383,3.39986315864902
Extant,Bassaricyon,alleni,7.12286665859908,2.91668906621354
Extant,Bassaricyon,gabbii,7.13089883029635,2.83438912314523
Extant,Potos,flavus,8.00636756765025,3.23985423125339
Extant,Ailurus,fulgens,8.49699048409872,3.70990682130601
Extant,Conepatus,chinga,7.56008046502183,2.69327491552006
Extant,Conepatus,leuconotus,8.1605182474775,2.67000213346468
Extant,Conepatus,humboldtii,7.00089036771729,2.37490575457367
Extant,Conepatus,semistriatus,7.62070508683826,2.94021956362373
Extant,Mephitis,mephitis,7.64491934495886,2.33020026002702
Extant,Mephitis,macroura,7.00102701894258,2.13298230860787
Extant,Spilogale,putorius,5.82894561761021,1.6094379124341
Fossil,Promephitis,hootoni,7.33302301438648,2.47401420862158
Extant,Mydaus,javanensis,7.82404601085629,2.96990151351947
Extant,Odobenus,rosmarus,14.0529316976966,6.98100574072173
Extant,Otaria,flavescens,11.8775685785581,5.6641056575033
Extant,Arctocephalus,tropicalis,12.3779229024568,5.24702407216049
Extant,Arctocephalus,pusillus,11.2644641056717,5.82156551031258
Extant,Arctocephalus,gazella,12.4587749990859,5.19351225218191
Extant,Neophoca,cinerea,12.8212582846204,5.33768230007029
Extant,Arctocephalus,australis,12.4470561149727,5.05465217951303
Extant,Arctocephalus,galapagoensis,12.1199699464768,5.03500265054455
Extant,Arctocephalus,forsteri,12.4379380506563,5.17897060891547
Extant,Arctocephalus,philippii,12.5084893777389,5.26656866823346
Extant,Phocarctos,hookeri,12.8758232482837,5.62221082096239
Extant,Zalophus,californianus,12.7728059012345,5.42164058258004
Extant,Eumetopias,jubatus,13.6805495725302,6.06675753114341
Extant,Callorhinus,ursinus,12.5810785461536,5.15692659835605
Extant,Monachus,monachus,12.8212582846204,5.96742796927974
Extant,Monachus,schauinslandi,12.0610468734799,5.91350300563827
Extant,Mirounga,angustirostris,14.2126074164019,6.50727771238501
Extant,Mirounga,leonina,14.7199817130331,6.55233668835811
Extant,Leptonychotes,weddellii,12.9732831543902,6.15183867816911
Extant,Hydrurga,leptonyx,13.2076232213552,6.24125002936861
Extant,Lobodon,carcinophaga,12.8975559426034,5.94379625340648
Extant,Ommatophoca,rossii,12.6095357509677,5.87913536213406
Extant,Histriophoca,fasciata,11.2942718189289,5.5164483760387
Extant,Pagophilus,groenlandicus,11.7924493497205,5.43951306321481
Extant,Pusa,caspica,10.9150884642146,5.09067800176979
Extant,Pusa,hispida,11.1430929094908,5.11697532986758
Extant,Pusa,sibirica,11.4019939042629,5.23377884541047
Extant,Halichoerus,grypus,12.5698473265841,5.36480710781687
Extant,Phoca,vitulina,12.3444858526838,5.14312447714233
Extant,Phoca,largha,12.0853164443944,5.12396397940326
Extant,Cystophora,cristata,12.9277829872144,5.7876639586369
Extant,Erignathus,barbatus,12.5086925903462,6.01817950362556
Extant,Ailuropoda,melanoleuca,11.5935833679877,5.46001095554602
Extant,Tremarctos,ornatus,11.6082356447746,5.27438321625241
Extant,Ursus,arctos,12.0594270651887,5.82393307578666
Extant,Ursus,maritimus,12.8706917424756,6.13000835655604
Extant,Ursus,americanus,11.5124253399285,5.55998908356759
Extant,Ursus,thibetanus,11.2580332153414,5.74999789845316
Extant,Helarctos,malayanus,10.7472075915754,5.8442687922894
Extant,Melursus,ursinus,11.4417516455157,5.71998385399421
Fossil,Indarctos,oregonensis,13.2094397522816,6.47157319821191
Fossil,Cephalogale,ursinus,10.1723689955242,5.21553340506912
Fossil,Daphoenus,vetus,10.3557726312882,4.17438726989564
Fossil,Daphoenus,hartshornianus,10.0681541740914,4.02535169073515
Fossil,Daphoenodon,superbus,10.407620832441,4.89034912822175
Fossil,Hyaneodon,horridus,10.8043194093477,4.8283137373023
Fossil,Cynohyaenodon,cayluxi,7.82963038915019,2.484906649788
Fossil,Proviverra,typica,6.21460809842219,2.59897910604785
Fossil,Tritemnodon,agilis,9.09301972939964,3.25809653802148
Extant,Manis,javanica,8.54675199365778,2.61739583283408
Extant,Tapirus,indicus,12.3188302302903,5.57226809411352
Extant,Tapirus,terrestris,11.9734424883258,5.20384183832515
Extant,Rhinoceros,unicornis,14.6214153411517,6.67749899203072
Extant,Diceros,bicornis,13.7694588602705,6.42422051545205
Extant,Equus,zebra,12.5277393912029,6.30627528694802
Extant,Equus,quagga,12.4271163938002,6.21860011969173
Fossil,Mesohippus,bairdii,10.1251900660539,4.44265125649032
Extant,Boselaphus,tragocamelus,11.7360690162844,5.58799744166249
Extant,Syncerus,caffer,13.2566844581431,6.44809794179055
Extant,Bison,bison,12.9750227895056,6.12686918411419
Extant,Bos,primigenius,12.919592878898,6.12686918411419
Extant,Tragelaphus,strepsiceros,12.5425448821514,5.88887795833288
Extant,Tragelaphus,scriptus,10.3186719417052,4.96494033483413
Extant,Tragelaphus,spekii,10.6454248972655,4.97673374242057
Extant,Tragelaphus,eurycerus,12.2548628096996,5.93753620508243
Extant,Tragelaphus,imberbis,11.8844890214027,5.3890717298165
Extant,Tragelaphus,buxtoni,12.5425448821514,5.79909265446053
Extant,Tragelaphus,angasii,11.8277362048103,5.4380793089232
Extant,Aepyceros,melampus,10.7579028806922,5.20235697540213
Extant,Oreotragus,oreotragus,9.30565055178051,4.0842942263686
Extant,Connochaetes,gnou,11.9511803959014,5.82894561761021
Extant,Connochaetes,taurinus,11.9490296977104,5.90153983958
Extant,Alcelaphus,buselaphus,11.6505111279228,5.65213824150386
Extant,Damaliscus,lunatus,11.6172854802945,5.67194775113618
Extant,Oryx,dammah,11.7714361601217,5.32300997913841
Extant,Oryx,gazella,12.0137007528827,5.67675380226828
Extant,Addax,nasomaculatus,11.580584113444,5.22035582507832
Extant,Hippotragus,niger,12.0137007528827,5.64190707093811
Extant,Hippotragus,equinus,12.3816003429027,5.96074757444592
Extant,Rupicapra,rupicapra,10.2097582804242,4.76898827121749
Extant,Ammotragus,lervia,11.6082356447746,5.34233425196481
Extant,Ovis,ammon,10.9150884642146,4.9416424226093
Extant,Ovibos,moschatus,12.6523597481586,5.85793315448346
Extant,Pelea,capreolus,10.0858091093301,4.79579054559674
Extant,Kobus,leche,11.7199396343546,5.40582557426332
Extant,Kobus,kob,11.6741936125664,5.31811999384422
Extant,Kobus,ellipsiprymnus,12.3467037752699,5.74620319054015
Extant,Redunca,redunca,10.7684849900227,4.81624115606803
Extant,Redunca,arundinum,10.5505907945947,4.91852000518845
Extant,Redunca,fulvorufula,10.4042628404486,4.66343909411207
Extant,Philantomba,monticola,8.41183267575841,3.85904408063726
Extant,Philantomba,maxwellii,8.11870469009266,4.11087386417331
Extant,Cephalophus,dorsalis,9.93547059838918,4.37159743918334
Extant,Cephalophus,silvicultor,10.6689553946757,5.13579843705026
Extant,Cephalophus,zebra,9.21034037197618,4.4188406077966
Extant,Cephalophus,leucogaster,9.47270463644367,4.49702802736839
Extant,Cephalophus,nigrifrons,9.58190392840867,4.46210780314625
Extant,Cephalophus,natalensis,9.35010231435134,4.31079912538551
Extant,Sylvicapra,grimmia,9.44343425414356,4.34639945703073
Extant,Raphicerus,campestris,9.23014299927236,3.93769075217672
Extant,Raphicerus,melanotis,9.27331517113757,3.76120011569356
Extant,Madoqua,kirkii,8.37678103769949,3.52636052461616
Extant,Madoqua,saltiana,8.51719319141624,3.14630513203337
Extant,Saiga,tatarica,10.5966347330961,4.57130311647651
Extant,Gazella,dorcas,9.75701564863587,4.25985900069967
Extant,Gazella,gazella,9.96678295757495,4.33637528925479
Extant,Eudorcas,thomsonii,9.74096862303835,4.47779125665826
Extant,Eudorcas,rufifrons,10.1658518170036,4.5798523780038
Extant,Nanger,granti,10.6090572530946,5.00172908462526
Extant,Antilope,cervicapra,10.268130666124,4.70772677431318
Extant,Antidorcas,marsupialis,10.5055605686967,4.90527477843843
Extant,Litocranius,walleri,10.5903651200825,4.76643833358421
Extant,Ourebia,ourebi,9.58994051388929,4.06560209335645
Extant,Capreolus,capreolus,9.76835487854463,4.52936847257181
Extant,Hydropotes,inermis,9.64212278840172,3.91860132078827
Extant,Odocoileus,hemionus,10.9851232169971,5.24333305821528
Extant,Odocoileus,virginianus,10.5966347330961,5.07517381523383
Extant,Pudu,puda,9.17394813491031,4.14313472639153
Extant,Rangifer,tarandus,11.574584845357,5.70044357339069
Extant,Alces,alces,12.5141454076297,6.00758392898787
Extant,Muntiacus,reevesi,9.5104405199722,4.2509208692642
Extant,Muntiacus,muntjak,9.71715797434464,4.82430571590476
Extant,Axis,porcinus,10.3089526606443,4.95582705760126
Extant,Axis,axis,11.3901926995879,5.3890717298165
Extant,Cervus,elaphus,11.6967209350202,5.93806377038087
Extant,Cervus,nippon,9.90847509404717,5.06259503302697
Extant,Rusa,unicolor,11.9953516142145,5.87211778947542
Extant,Dama,dama,10.5239296226254,5.41387570718231
Extant,Antilocapra,americana,10.7525695347168,4.8331022540341
Extant,Giraffa,camelopardalis,13.6267684333674,6.51958966795203
Extant,Moschiola,meminna,7.63588342843733,2.83085763036376
Extant,Tragulus,javanicus,7.61923341622681,2.76000994003292
Extant,Tragulus,napu,7.85941315469358,2.91235066461494
Extant,Hyemoschus,aquaticus,9.28730141311231,3.22684399451738
Extant,Delphinapterus,leucas,13.3629538423223,7.64156444126097
Extant,Monodon,monoceros,14.2718778839996,8.00536706731666
Extant,Phocoenoides,dalli,11.6262541502772,6.76503897678054
Extant,Phocoena,spinipinnis,11.1278789708701,6.3919171133926
Extant,Phocoena,phocoena,10.864751650053,6.16751649088834
Extant,Neophocaena,phocaenoides,10.3859137017804,6.14846829591765
Extant,Lagenorhynchus,obliquidens,11.4075649493124,7.03878354138854
Extant,Lagenorhynchus,obscurus,10.9763220984063,6.78682981105326
Extant,Cephalorhynchus,heavisidii,11.1704351560235,6.63725803128446
Extant,Lagenorhynchus,acutus,11.6952470217642,7.09007683577609
Extant,Orcinus,orca,14.532862427221,8.63355299253243
Extant,Sotalia,fluviatilis,10.6501755000241,6.53378883793334
Extant,Tursiops,truncatus,12.0137007528827,7.33302301438648
Extant,Stenella,coeruleoalba,10.9384498141278,6.7093043402583
Extant,Stenella,clymene,11.3621025752356,6.50128967054039
Extant,Delphinus,delphis,10.8589989975636,6.63987583382654
Extant,Stenella,longirostris,11.1004357419251,6.49223983502047
Extant,Globicephala,melas,13.8747224175961,7.89095671613892
Extant,Grampus,griseus,12.8992198260901,7.84424071814181
Extant,Pseudorca,crassidens,13.2693969045647,8.16394095475501
Extant,Steno,bredanensis,11.7266722042115,7.34077070117731
Extant,Lagenorhynchus,albirostris,11.1198828768606,7.02642680869964
Fossil,Kentriodon,pernix,9.77941131868236,5.53398219841592
Extant,Lipotes,vexillifer,12.1007121298723,6.32435896238131
Extant,Inia,geoffrensis,11.0413205543575,6.41345895716736
Extant,Pontoporia,blainvillei,10.4602421081905,5.39362754635236
Extant,Mesoplodon,mirus,13.741864017796,7.76429600645052
Extant,Mesoplodon,europaeus,13.5035357929434,7.67275789664251
Extant,Mesoplodon,densirostris,13.5502420803494,7.28824440102012
Extant,Ziphius,cavirostris,14.6366111028347,7.60290046220476
Extant,Platanista,gangetica,10.9852927228879,5.68697535633982
Fossil,Xiphiacetus,bossi,11.7200973463076,6.85572487120378
Fossil,Schizodelphis,longirostris,11.4049643484572,6.16657264938364
Fossil,Eurhinodelphis,bossi,10.7158833609141,6.70435307857694
Fossil,Eurhinodelphis,cristatus,11.8619718855734,6.71119279989784
Extant,Physeter,macrocephalus,17.4289388305302,8.9641840463529
Fossil,Aulophyseter,morricei,13.9108207377686,7.82404601165629
Extant,Kogia,breviceps,12.6280670555895,6.91968384984741
Extant,Kogia,sima,12.0346910287746,6.43294009273918
Fossil,Orycterocetus,crocodilinus,12.9541089726451,7.69115441351911
Fossil,Argyrocetus,,11.1844213979982,6.47697236288968
Fossil,Squaloziphius,emlongi,12.0088617912422,6.56088921317691
Fossil,Squalodon,calvertensis,11.9489479057487,6.43607023695386
Fossil,Patriocetus,,12.1934331019837,6.78897174299217
Fossil,Agorophiidae,,13.2958543928135,7.15367741718569
Fossil,Simocetus,rayi,11.4538960077021,6.27400844170364
Fossil,Xenorophus,,11.4809114411374,6.75855897262001
Extant,Balaenoptera,musculus,17.7454520638948,8.19863945529737
Extant,Balaenoptera,borealis,16.8112428315183,8.49699048409872
Extant,Balaenoptera,physalus,17.3187057075806,8.86945862775014
Extant,Megaptera,novaeangliae,17.4870233304558,8.77012852753818
Extant,Eschrichtius,robustus,17.2167079396264,8.37023955066005
Fossil,Zygorhiza,kochii,14.5284603658204,6.68561122800101
Fossil,Basilosaurus,cetoides,15.5802413544619,7.74958105191345
Fossil,Basilosaurus,isis,15.6842310686371,7.83201418090229
Fossil,Dorudon,atrox,14.6219864229384,7.11322353780207
Fossil,Dalanistes,ahmedi,13.5278284845792,5.99146454635798
Extant,Hippopotamus,amphibius,14.2556991021308,6.47850964220857
Extant,Babyrousa,babyrussa,11.2644641056717,4.84418708645859
Extant,Potamochoerus,porcus,11.7752897294377,5.04728861174429
Extant,Phacochoerus,aethiopicus,10.9903645849858,4.92725368515721
Extant,Sus,scrofa,11.6699292137799,5.23750522715128
Extant,Pecari,tajacu,9.0395520509959,4.18965474202643
Extant,Camelus,dromedarius,13.4136113843476,6.24997524225948
Extant,Lama,guanicoe,11.0020998412042,5.29981624267177
Extant,Vicugna,vicugna,10.7410596996989,5.29781724150635
Fossil,Miniochoerus,gracilis,8.48714627006394,3.40119738166216
Extant,Furipterus,horrens,1.23256026117785,-2.04022082852655
Extant,Noctilio,leporinus,4.06044301054642,0.165514438477573
Extant,Noctilio,albiventris,3.48737507790321,-0.510825623765991
Extant,Mormoops,megalophylla,2.75366071235426,-0.941608539858445
Extant,Pteronotus,davyi,2.36085400111802,-1.17118298150295
Extant,Pteronotus,gymnonotus,2.61006979274201,-1.07880966137193
Extant,Pteronotus,personatus,2.09186406167839,-1.46967597005894
Extant,Pteronotus,parnellii,3.00568260440716,-0.616186139423817
Extant,Micronycteris,megalotis,1.87180217690159,-1.30933331998376
Extant,Micronycteris,minuta,1.93152141160321,-1.23787435600162
Extant,Micronycteris,schmidtorum,2.05412373369555,-1.17118298150295
Extant,Lampronycteris,brachyotis,2.68784749378469,-0.891598119283784
Extant,Desmodus,rotundus,3.5918177412708,0
Extant,Diaemus,youngi,3.54385368206368,-0.0202027073175195
Extant,Diphylla,ecaudata,3.4307561839037,-0.22314355131421
Extant,Anoura,caudifer,2.36085400111802,-0.891598119283784
Extant,Anoura,geoffroyi,2.77258872223978,-0.527632742082372
Extant,Choeroniscus,minor,2.26176309847379,-0.941608539858445
Extant,Monophyllus,plethodon,2.70805020110221,-0.798507696217772
Extant,Leptonycteris,curasoae,3.19867311755068,-0.49429632181478
Extant,Leptonycteris,nivalis,3.1267605359604,-0.527632742082372
Extant,Glossophaga,longirostris,2.42480272571829,-0.82098055206983
Extant,Glossophaga,soricina,2.29253475714054,-0.941608539858445
Extant,Brachyphylla,cavernarum,3.79548918917219,0.182321556793955
Extant,Lonchorhina,aurita,2.89037175789616,-0.967584026261706
Extant,Lionycteris,spurrelli,2.02154756326093,-1.04982212449868
Extant,Lonchophylla,thomasi,1.93152141160321,-1.07880966137193
Extant,Uroderma,bilobatum,2.78501124223834,-0.49429632181478
Extant,Platyrrhinus,lineatus,3.11794990627824,-0.301105092783922
Extant,Platyrrhinus,helleri,2.62466859216316,-0.653926467406664
Extant,Platyrrhinus,brachycephalus,2.55722731136763,-0.544727175441672
Extant,Platyrrhinus,infuscus,3.91601502669768,0.104360015324243
Extant,Vampyrodes,caraccioli,3.68135118769314,-0.0512932943875506
Extant,Platyrrhinus,vittatus,3.60004824040732,0.165514438477573
Extant,Chiroderma,villosum,3.21084365317094,-0.342490308946776
Extant,Chiroderma,trinitatum,2.61739583283408,-0.616186139423817
Extant,Chiroderma,salvini,3.26193531432865,-0.210721031315653
Extant,Mesophylla,macconnelli,2.01490302054226,-1.07880966137193
Extant,Vampyressa,pusilla,2.15176220325946,-0.967584026261706
Extant,Enchisthenes,hartii,2.77881927199042,-0.673344553263766
Extant,Ametrida,centurio,2.35137525716348,-1.23787435600162
Extant,Sphaeronycteris,toxophyllum,2.91235066461494,-0.653926467406664
Extant,Artibeus,jamaicensis,3.71357206670431,0.0198026272961797
Extant,Artibeus,lituratus,4.02535169073515,0.207014169384326
Extant,Artibeus,concolor,2.96527306606928,-0.462035459596559
Extant,Artibeus,phaeotis,2.46809953147162,-0.798507696217772
Extant,Artibeus,toltecus,2.8094026953625,-0.616186139423817
Extant,Artibeus,glaucus,2.50143595173921,-0.7339691750802
Extant,Artibeus,cinereus,2.53369681395743,-0.755022584278033
Extant,Sturnira,tildae,3.19458313229916,-0.356674943938732
Extant,Sturnira,lilium,3.00568260440716,-0.478035800943
Extant,Sturnira,ludovici,3.25424296870549,-0.385662480811985
Extant,Rhinophylla,pumilio,2.18605127673809,-1.02165124753198
Extant,Carollia,castanea,2.57261223020711,-0.798507696217772
Extant,Carollia,perspicillata,2.87919845729804,-0.59783700075562
Extant,Macrophyllum,macrophyllum,2.15176220325946,-1.13943428318836
Extant,Trachops,cirrhosus,3.60821155104648,0
Extant,Tonatia,bidens,3.38099467434464,-0.23572233352107
Extant,Phyllostomus,discolor,3.60004824040732,0.0861776962410524
Extant,Phyllostomus,hastatus,4.50092016461429,0.418710334858185
Extant,Phyllostomus,elongatus,3.80443779474821,-0.116533816255952
Extant,Mimon,crenulatum,2.46809953147162,-1.10866262452161
Extant,Phylloderma,stenops,3.8308129500026,0.29266961396282
Extant,Lophostoma,silvicolum,3.47506723022861,-0.27443684570176
Extant,Lophostoma,schulzi,3.05870707271538,-0.673344553263766
Extant,Vampyrum,spectrum,5.15329159449778,0.951657875711446
Extant,Thyroptera,tricolor,1.50407739677627,-1.46967597005894
Extant,Rhynchonycteris,naso,1.33500106673234,-2.12026353620009
Extant,Saccopteryx,canescens,1.22377543162212,-2.04022082852655
Extant,Saccopteryx,leptura,1.62924053973028,-1.83258146374831
Extant,Saccopteryx,bilineata,2.05412373369555,-1.46967597005894
Extant,Peropteryx,macrotis,1.75785791755237,-1.83258146374831
Extant,Cormura,brevirostris,2.10413415427021,-1.51412773262978
Extant,Cyttarops,alecto,1.66770682055808,-1.71479842809193
Extant,Emballonura,monticola,1.66770682055808,-1.77195684193188
Extant,Emballonura,raffrayana,1.77495235091167,-1.77195684193188
Extant,Emballonura,semicaudata,1.94591014905531,-1.71479842809193
Extant,Mosia,nigrescens,1.30833281965018,-2.12026353620009
Extant,Taphozous,longimanus,3.14415227867226,-0.755022584278033
Extant,Taphozous,melanopogon,3.12236492448736,-0.616186139423817
Extant,Taphozous,australis,3.17805383034795,-0.653926467406664
Extant,Taphozous,theobaldi,3.68386691229039,-0.385662480811985
Extant,Saccolaimus,saccolaimus,3.76120011569356,-0.400477566597125
Extant,Nycteris,thebaica,2.18605127673809,-1.13943428318836
Extant,Nycteris,macrotis,2.67414864942653,-0.941608539858445
Extant,Nycteris,grandis,3.39450839351136,-0.342490308946776
Extant,Nycteris,hispida,2.05412373369555,-1.27296567581289
Extant,Nycteris,javanica,2.91235066461494,-0.755022584278033
Extant,Nycteris,tragata,2.66722820658195,-0.776528789498996
Extant,Scotophilus,kuhlii,3.01553490085017,-1.07880966137193
Extant,Scotophilus,heathii,3.44998754583159,-0.7339691750802
Extant,Scotophilus,dinganii,3.1904763503465,-0.82098055206983
Extant,Scotophilus,nigrita,4.61808641125464,0.048790164169432
Extant,Rhogeessa,tumida,1.62924053973028,-2.20727491318972
Extant,Rhogeessa,parvula,1.50407739677627,-2.20727491318972
Extant,Lasiurus,borealis,2.05412373369555,-1.77195684193188
Extant,Pipistrellus,subflavus,1.66770682055808,-2.04022082852655
Extant,Arielulus,circumdatus,2.34180580614733,-1.46967597005894
Extant,Lasionycteris,noctivagans,1.64480505627139,-1.83258146374831
Extant,Hesperoptenus,blanfordi,1.98787434815435,-1.83258146374831
Extant,Ia,io,3.9759363311718,-0.27443684570176
Extant,Scotomanes,ornatus,3.08190996979504,-0.967584026261706
Extant,Eptesicus,brasiliensis,2.21920348405499,-1.6094379124341
Extant,Eptesicus,fuscus,2.61006979274201,-1.42711635564015
Extant,Eptesicus,serotinus,3.03974915897077,-1.07880966137193
Extant,Glischropus,tylopus,1.58923520511658,-2.30258509299405
Extant,Pipistrellus,tenuis,1.3609765531356,-2.40794560865187
Extant,Pipistrellus,coromandra,1.52605630349505,-2.20727491318972
Extant,Pipistrellus,javanicus,1.50407739677627,-2.12026353620009
Extant,Pipistrellus,kuhlii,1.84054963339749,-1.77195684193188
Extant,Nyctalus,noctula,3.29583686600433,-1.02165124753198
Extant,Nyctophilus,timoriensis,2.3887627892351,-1.38629436111989
Extant,Pipistrellus,flavescens,2.35137525716348,-1.66073120682165
Extant,Pipistrellus,imbricatus,1.84054963339749,-1.96611285637283
Extant,Pipistrellus,nanus,1.3609765531356,-2.30258509299405
Extant,Chalinolobus,gouldii,2.45958884180371,-1.42711635564015
Extant,Chalinolobus,morio,2.11625551480255,-1.71479842809193
Extant,Scotorepens,sanborni,2.2082744135228,-1.83258146374831
Extant,Tylonycteris,robustula,1.97408102602201,-2.12026353620009
Extant,Tylonycteris,pachypus,1.56861591791385,-2.52572864430826
Extant,Nycticeius,humeralis,1.70474809223843,-1.96611285637283
Extant,Myotis,albescens,1.38629436111989,-2.04022082852655
Extant,Myotis,nigricans,1.52605630349505,-1.96611285637283
Extant,Myotis,velifer,2.18605127673809,-1.6094379124341
Extant,Myotis,yumanensis,1.52605630349505,-2.04022082852655
Extant,Myotis,riparius,2.07317192866624,-1.77195684193188
Extant,Myotis,lucifugus,2.06686275947298,-1.77195684193188
Extant,Myotis,fortidens,1.45861502269952,-2.04022082852655
Extant,Myotis,myotis,3.24259235148552,-0.713349887877465
Extant,Myotis,nattereri,2.01490302054226,-1.51412773262978
Extant,Myotis,bocagii,1.94591014905531,-1.66073120682165
Extant,Myotis,tricolor,2.61006979274201,-1.34707364796661
Extant,Myotis,hasseltii,2.01490302054226,-1.66073120682165
Extant,Myotis,horsfieldii,1.84054963339749,-1.6094379124341
Extant,Myotis,siligorensis,1.24126858906963,-2.30258509299405
Extant,Myotis,adversus,2.41591377830105,-1.38629436111989
Extant,Myotis,daubentonii,2.14006616349627,-1.46967597005894
Extant,Myotis,bechsteinii,2.30258509299405,-1.30933331998376
Extant,Myotis,muricola,1.56861591791385,-2.12026353620009
Extant,Myotis,annectans,2.28238238567653,-1.51412773262978
Extant,Myotis,montivagus,2.11625551480255,-1.77195684193188
Extant,Myotis,mystacinus,1.65822807660353,-1.89711998488588
Extant,Myotis,altarium,2.39789527279837,-1.42711635564015
Extant,Myotis,dasycneme,2.70805020110221,-1.17118298150295
Extant,Harpiocephalus,harpia,2.60268968544438,-0.82098055206983
Extant,Murina,huttoni,2.17475172148416,-1.34707364796661
Extant,Murina,cyclotis,1.96009478404727,-1.38629436111989
Extant,Murina,tubinaris,1.69561560867515,-1.51412773262978
Extant,Kerivoula,papillosa,2.31253542384721,-1.17118298150295
Extant,Kerivoula,pellucida,1.41098697371026,-1.6094379124341
Extant,Phoniscus,atrox,1.43508452528932,-1.66073120682165
Extant,Miniopterus,magnater,2.70805020110221,-1.13943428318836
Extant,Miniopterus,schreibersii,2.66025953726586,-1.17118298150295
Extant,Miniopterus,tristis,2.74727091425549,-1.10866262452161
Extant,Miniopterus,inflatus,2.70136121295141,-1.10866262452161
Extant,Miniopterus,pusillus,2.15176220325946,-1.51412773262978
Extant,Mormopterus,jugularis,2.4423470353692,-1.51412773262978
Extant,Mormopterus,beccarii,2.65324196460721,-1.46967597005894
Extant,Otomops,martiensseni,3.72569342723665,-0.27443684570176
Extant,Eumops,glaucinus,3.59731226058845,-0.430782916092454
Extant,Eumops,auripendulus,3.52046080248897,-0.49429632181478
Extant,Eumops,perotis,3.8607297110406,-0.22314355131421
Extant,Molossus,sinaloae,2.95491027903374,-0.82098055206983
Extant,Molossus,molossus,2.61739583283408,-1.13943428318836
Extant,Cynomops,abrasus,3.5055573969864,-0.867500567704723
Extant,Cheiromeles,torquatus,5.11799381241676,0.307484699747961
Extant,Tadarida,pumila,2.33214389523559,-1.42711635564015
Extant,Tadarida,condylura,3.30321697330195,-0.776528789498996
Extant,Tadarida,aegyptiaca,2.87356463957978,-0.941608539858445
Extant,Natalus,tumidirostris,1.93152141160321,-1.38629436111989
Extant,Notopteris,macdonaldi,4.25561270981822,0.378436435720245
Extant,Nyctimene,vizcaccia,3.56671182013973,-0.0100503358535015
Extant,Nyctimene,robinsoni,3.85227300102237,0.207014169384326
Extant,Paranyctimene,raptor,3.26193531432865,-0.3147107448397
Extant,Melonycteris,melanops,3.85651029549789,0.254642218373581
Extant,Melonycteris,woodfordi,3.56671182013973,0.0198026272961797
Extant,Pteropus,tonganus,6.07764224334903,1.80500469597808
Extant,Pteropus,conspicillatus,6.62007320653036,2.12226153886276
Extant,Pteropus,alecto,6.38856140554563,1.95160817016995
Extant,Pteropus,hypomelanus,5.96614673912369,1.66770682055808
Extant,Pteropus,neohibernicus,6.73340189183736,2.20937271127187
Extant,Pteropus,temminckii,5.52146091786225,1.58719230348678
Extant,Pteropus,samoensis,5.73657229747919,1.7561322915849
Extant,Pteropus,vampyrus,6.92165818415113,2.21046980408624
Extant,Pteropus,lylei,5.74939298590825,1.81319474994812
Extant,Pteropus,giganteus,6.3578422665081,2.0515563381903
Extant,Pteropus,rufus,5.88887795833288,1.93152141160321
Extant,Pteropus,poliocephalus,6.54391184556479,1.97823903617067
Extant,Pteropus,scapulatus,5.92692602597041,1.67896397508271
Extant,Eidolon,helvum,5.5683445037611,1.45628673293993
Extant,Dobsonia,moluccensis,6.14203740558736,1.6752256529721
Extant,Dobsonia,inermis,5.00394630594546,0.993251773010283
Extant,Dobsonia,praedatrix,5.21493575760899,1.10856261952128
Extant,Syconycteris,australis,2.68784749378469,-0.562118918153541
Extant,Macroglossus,minimus,2.68102152871429,-0.579818495252942
Extant,Macroglossus,sobrinus,3.08190996979504,-0.371063681390832
Extant,Cynopterus,brachyotis,3.5234150143864,-0.0202027073175195
Extant,Cynopterus,sphinx,3.94545778151438,0.182321556793955
Extant,Cynopterus,horsfieldii,4.08260930600368,0.314810739840034
Extant,Megaerops,ecaudatus,3.17805383034795,-0.22314355131421
Extant,Megaerops,niphanae,3.48431228837266,-0.0408219945202552
Extant,Balionycteris,maculata,2.66722820658195,-0.673344553263766
Extant,Penthetor,lucasi,3.55534806148941,-0.0202027073175195
Extant,Chironax,melanocephalus,2.87356463957978,-0.49429632181478
Extant,Sphaerias,blanfordi,3.38439026334577,-0.186329578191493
Extant,Rousettus,amplexicaudatus,4.01457959375324,0.300104592450338
Extant,Rousettus,aegyptiacus,4.91265488573605,0.824175442966349
Extant,Megaloglossus,woermanni,2.88480071284671,-0.385662480811985
Extant,Myonycteris,torquata,3.5945687746427,0.148420005118273
Extant,Lissonycteris,angolensis,4.43438186500781,0.570979546585738
Extant,Hypsignathus,monstrosus,5.73657229747919,1.24703229378638
Extant,Epomophorus,wahlbergi,4.30541553230204,0.593326845277734
Extant,Micropteropus,pusillus,3.22286784613774,-0.186329578191493
Extant,Epomops,franqueti,4.78749174278205,0.792992515529661
Extant,Eonycteris,spelaea,4.07243972683405,0.27002713721306
Extant,Scotonycteris,zenkeri,3.05870707271538,-0.342490308946776
Extant,Casinycteris,argynnis,3.29583686600433,-0.174353387144778
Extant,Triaenops,persicus,2.61739583283408,-1.30933331998376
Extant,Rhinonicteris,aurantia,2.15176220325946,-1.38629436111989
Extant,Hipposideros,speoris,2.4423470353692,-1.27296567581289
Extant,Hipposideros,halophyllus,1.38629436111989,-1.89711998488588
Extant,Hipposideros,fulvus,1.94591014905531,-1.42711635564015
Extant,Hipposideros,ridleyi,2.26176309847379,-1.30933331998376
Extant,Hipposideros,ater,1.93152141160321,-1.56064774826467
Extant,Hipposideros,calcaratus,2.42921774392741,-0.994252273343867
Extant,Hipposideros,ruber,1.98787434815435,-1.30933331998376
Extant,Hipposideros,caffer,2.39789527279837,-1.17118298150295
Extant,Hipposideros,galeritus,2.34180580614733,-1.27296567581289
Extant,Hipposideros,cervinus,1.98787434815435,-1.56064774826467
Extant,Hipposideros,diadema,3.75653810258775,-0.342490308946776
Extant,Hipposideros,larvatus,3.02042488614436,-0.891598119283784
Extant,Hipposideros,armiger,4.02535169073515,-0.22314355131421
Extant,Hipposideros,turpis,3.54961738678043,-0.510825623765991
Extant,Hipposideros,commersoni,4.62399194022868,-0.287682072451781
Extant,Asellia,tridens,2.54944517092557,-1.42711635564015
Extant,Aselliscus,stoliczkanus,1.58923520511658,-1.89711998488588
Extant,Aselliscus,tricuspidatus,1.48160454092422,-2.04022082852655
Extant,Rhinolophus,hipposideros,1.52605630349505,-1.89711998488588
Extant,Rhinolophus,pearsonii,2.63188884013665,-1.10866262452161
Extant,Rhinolophus,thomasi,2.19722457733622,-1.46967597005894
Extant,Rhinolophus,acuminatus,2.4932054526027,-1.20397280432594
Extant,Rhinolophus,malayanus,1.85629799036563,-1.6094379124341
Extant,Rhinolophus,megaphyllus,2.28238238567653,-1.34707364796661
Extant,Rhinolophus,pusillus,1.54756250871601,-1.83258146374831
Extant,Rhinolophus,lepidus,1.79175946922805,-1.66073120682165
Extant,Rhinolophus,macrotis,1.84054963339749,-1.56064774826467
Extant,Rhinolophus,stheno,1.94591014905531,-1.42711635564015
Extant,Rhinolophus,affinis,2.61739583283408,-1.02165124753198
Extant,Rhinolophus,landeri,2.27212588550934,-1.27296567581289
Extant,Rhinolophus,mehelyi,2.27212588550934,-1.17118298150295
Extant,Rhinolophus,capensis,2.54944517092557,-1.34707364796661
Extant,Rhinolophus,eloquens,2.94968833505258,-0.916290731874155
Extant,Rhinolophus,hildebrandti,3.37073817417745,-0.462035459596559
Extant,Rhinolophus,clivosus,3.00071981506503,-1.42711635564015
Extant,Cardioderma,cor,3.25809653802148,-0.400477566597125
Extant,Macroderma,gigas,4.78582368568135,0.53062825106217
Extant,Megaderma,lyra,3.65325227647079,-0.0943106794712413
Extant,Megaderma,spasma,3.11794990627824,-0.446287102628419
Extant,Rhinopoma,hardwickii,2.55722731136763,-1.27296567581289
Extant,Rhinopoma,microphyllum,3.38099467434464,-0.941608539858445
Fossil,Archaeonycteris,,3.14931136148229,-0.693147180559945
Fossil,Icaronycteris,,2.56725439113675,-1.10866262452161
Fossil,Paleochiropteryx,,2.41680623708407,-1.20397280432594
Fossil,Hassianycteris,,3.96518455354238,-0.127833371509885
Extant,Atelerix,algirus,6.67203294546107,1.16315080980568
Extant,Erinaceus,europaeus,6.75693238924755,1.20896034583698
Extant,Hemiechinus,auritus,5.52146091786225,0.641853886172395
Extant,Echinosorex,gymnura,6.71295620067707,1.72988406550997
Extant,Hylomys,suillus,4.04305126783455,0.113328685307003
Extant,Cryptotis,parva,2.2512917986065,-1.46967597005894
Extant,Blarina,brevicauda,2.90142159408275,-0.994252273343867
Extant,Sorex,trowbridgii,1.50185270175416,-1.56064774826467
Extant,Sorex,fumeus,2.12823170584927,-1.46967597005894
Extant,Sorex,ornatus,1.60743590976343,-2.12026353620009
Extant,Sorex,vagrans,1.62924053973028,-1.77195684193188
Extant,Sorex,palustris,2.41591377830105,-1.17118298150295
Extant,Sorex,pacificus,2.32238772029023,-1.23787435600162
Extant,Sorex,cinereus,1.43508452528932,-1.83258146374831
Extant,Sorex,longirostris,1.1314021114911,-2.30258509299405
Extant,Sorex,alpinus,2.33214389523559,-1.38629436111989
Extant,Sorex,araneus,2.33214389523559,-1.6094379124341
Extant,Sorex,minutus,1.66770682055808,-2.20727491318972
Extant,Notiosorex,crawfordi,1.56861591791385,-1.89711998488588
Extant,Neomys,anomalus,2.24283508858827,-1.30933331998376
Extant,Neomys,fodiens,2.72129542785223,-1.13943428318836
Extant,Anourosorex,squamipes,2.99573227355399,-0.994252273343867
Extant,Myosorex,blarina,2.83321334405622,-1.07880966137193
Extant,Scutisorex,somereni,4.07584109065754,-0.510825623765991
Extant,Sylvisorex,granti,1.35583515363518,-1.83258146374831
Extant,Suncus,megalura,1.71379792775834,-1.71479842809193
Extant,Ruwenzorisorex,suncoides,2.90142159408275,-1.04982212449868
Extant,Sylvisorex,lunaris,2.91777073208428,-1.07880966137193
Extant,Suncus,etruscus,0.727548607277278,-2.81341071676004
Extant,Crocidura,suaveolens,2.33214389523559,-1.71479842809193
Extant,Crocidura,attenuata,2.23001440015921,-1.6094379124341
Extant,Crocidura,hildegardeae,2.2082744135228,-1.6094379124341
Extant,Crocidura,denti,2.33214389523559,-1.46967597005894
Extant,Crocidura,fuscomurina,1.74919985480926,-2.04022082852655
Extant,Crocidura,olivieri,3.09104245335832,-0.82098055206983
Extant,Crocidura,flavescens,3.45315712059287,-0.941608539858445
Extant,Crocidura,russula,2.39789527279837,-1.66073120682165
Extant,Suncus,murinus,3.56953269648137,-0.967584026261706
Extant,Neurotrichus,gibbsii,2.09186406167839,-1.13943428318836
Extant,Condylura,cristata,3.72569342723665,-0.2484613592985
Extant,Galemys,pyrenaicus,4.0517849478033,0.285178942233662
Extant,Desmana,moschata,6.08677472691231,1.38629436111989
Extant,Talpa,europaea,4.33073334028633,0.0198026272961797
Extant,Scalopus,aquaticus,4.74493212836325,0.22314355131421
Extant,Scapanus,townsendii,4.94875989037817,0.357674444271816
Extant,Parascalops,breweri,3.98527346716774,-0.174353387144778
Extant,Solenodon,marcanoi,6.80239476332431,1.54115907168081
Fossil,Nesophontes,micrus,4.58792229257854,-0.00451015547788602
Extant,Lepilemur,dorsalis,6.76849321164863,1.90210752639692
Extant,Lepilemur,leucopus,6.40687998606931,1.92716410623426
Extant,Lepilemur,ruficaudatus,6.69084227741856,2.11021320034659
Extant,Lepilemur,edwardsi,6.83625927727707,1.98100146886658
Extant,Lepilemur,microdon,6.87729607149743,2.27726728500976
Extant,Lepilemur,mustelinus,6.65544035036765,2.25758772706331
Extant,Phaner,furcifer,5.78996017089725,1.90954250488444
Extant,Microcebus,murinus,4.17438726989564,0.488580014818671
Extant,Microcebus,rufus,3.76120011569356,0.542324290825362
Extant,Mirza,coquereli,5.74300318780948,1.75785791755237
Extant,Cheirogaleus,major,5.99146454710798,1.75958057086382
Extant,Cheirogaleus,medius,4.9416424226093,0.955511445027436
Extant,Indri,indri,8.75384509275524,3.54990470182335
Extant,Avahi,occidentalis,6.68586094706836,2.07317192866624
Extant,Avahi,laniger,7.09589322109753,2.28848616861454
Extant,Propithecus,diadema,8.72095002893026,3.68386691229039
Extant,Propithecus,edwardsi,8.64505856241413,3.67604747529856
Extant,Propithecus,coquereli,8.22389538017882,3.40751074371875
Extant,Propithecus,deckenii,8.16961956172385,3.40618492317319
Extant,Propithecus,verreauxi,7.9912539298402,3.26614101733532
Fossil,Hadropithecus,stenognathus,10.3734911817819,4.66343909411207
Fossil,Archaeolemur,majori,9.69892038679485,4.53259949315326
Extant,Eulemur,rubriventer,7.58069975222456,3.26690379387878
Extant,Eulemur,coronatus,7.07326971745971,3.02771531940704
Extant,Eulemur,macaco,7.77904864492556,3.19908119754002
Extant,Eulemur,mongoz,7.10002716662926,3.00419635196612
Extant,Eulemur,sanfordi,7.64691257247141,3.05635689537043
Extant,Eulemur,albifrons,7.75619534394812,3.06572464537403
Extant,Eulemur,fulvus,7.73718007783463,3.24921102466427
Extant,Eulemur,collaris,7.80586574681686,3.15700042115011
Extant,Eulemur,rufus,7.70526247486633,3.23474917402449
Extant,Hapalemur,griseus,6.56385552653213,2.64546532591059
Extant,Hapalemur,alaotrensis,7.12286665859908,2.62466859216316
Extant,Lemur,catta,7.7007477945118,3.13113691056019
Extant,Prolemur,simus,7.67322312112171,3.30100865440672
Extant,Varecia,variegata,8.18172045512811,3.46947888907856
Extant,Varecia,rubra,8.15190987294091,3.43656452549945
Fossil,Megaladapis,edwardsi,11.3850920934603,4.91998092582813
Extant,Daubentonia,madagascariensis,7.8458075026378,3.80332358850481
Extant,Euoticus,elegantulus,5.61312810638807,1.71018781553424
Extant,Euoticus,pallidus,5.7037824746562,1.6467336971778
Extant,Galago,moholi,4.99721227376411,1.31103187661934
Extant,Galago,senegalensis,5.26785815906333,1.37624402526639
Extant,Galago,matschiei,5.34710753071747,1.53039470509365
Extant,Galagoides,demidovii,4.31748811353631,0.974559639998131
Extant,Galagoides,zanzibaricus,4.96284463025991,1.25561603747777
Extant,Otolemur,crassicaudatus,6.74523634948436,2.33214389523559
Extant,Otolemur,garnettii,6.63856778916652,2.4423470353692
Extant,Perodicticus,potto,6.72743172485086,2.51930807650533
Extant,Arctocebus,calabarensis,5.73334127689775,1.93441576962958
Extant,Arctocebus,aureus,5.34710753071747,1.77155676191054
Fossil,Mioeuoticus,shipmani,7.15461535691366,2.07442899985629
Extant,Loris,tardigradus,5.26269018890489,1.76985463384001
Extant,Loris,lydekkerianus,5.58724865840025,1.84687876844913
Extant,Nycticebus,pygmaeus,5.7268477475872,1.97823903617067
Extant,Nycticebus,bengalensis,6.96602418710611,2.60194867021966
Extant,Nycticebus,coucang,6.48157712927643,2.31550131826059
Fossil,Adapis,parisiensis,7.7621706071382,2.19277022698684
Fossil,Leptadapis,magnus,9.15904707758863,3.07731226054641
Fossil,Smilodectes,gracilis,7.58069975222456,2.26799364822443
Fossil,Notharctus,tenebrosus,7.59588991771854,2.35707327827812
Fossil,Pronycticebus,gaudryi,7.1066061377273,1.59736533119983
Extant,Chiropotes,chiropotes,7.91571319938212,4.04375277610604
Extant,Chiropotes,albinasus,7.95384544839114,4.05421677113132
Extant,Cacajao,calvus,8.05990833457828,4.33073334028633
Extant,Cacajao,melanocephalus,7.9844627322622,4.23076760333174
Extant,Pithecia,pithecia,7.4730690880322,3.47382807269706
Extant,Callicebus,caligatus,6.77992190747225,2.84781214347737
Extant,Callicebus,moloch,6.77422388635761,2.86391369893314
Extant,Callicebus,cupreus,6.97541392745595,2.86960199640978
Extant,Alouatta,pigra,9.09549053029724,3.93437140909191
Extant,Alouatta,palliata,8.74033674273045,3.90962012081184
Extant,Alouatta,seniculus,8.69114649853968,4.01132520650201
Extant,Alouatta,caraya,8.59100111856096,3.96328629936569
Extant,Alouatta,belzebul,8.76327171401294,3.96726847965412
Extant,Alouatta,guariba,8.55159461813357,3.94545778151438
Extant,Brachyteles,arachnoides,9.08704215563169,4.75977790421453
Extant,Lagothrix,lagotricha,8.87486763568805,4.56954300834494
Extant,Lagothrix,cana,9.01371703047137,4.5985483096792
Extant,Ateles,paniscus,9.02159824737931,4.64294755032212
Extant,Ateles,fusciceps,9.10775378320108,4.73830149859127
Extant,Ateles,geoffroyi,8.9273141110606,4.65481712587751
Extant,Ateles,belzebuth,9.00785692335828,4.76234486036009
Extant,Ateles,hybridus,8.96979630598181,4.63521430733647
Extant,Cebus,apella,7.98480338973441,4.19915492657445
Extant,Cebus,nigritus,7.91242312147371,4.20573685011165
Extant,Cebus,xanthosternos,7.79975331828725,4.19101744948236
Extant,Cebus,olivaceus,7.98309894071089,4.24620691153135
Extant,Cebus,albifrons,7.91388671485608,4.18128649235591
Extant,Cebus,capucinus,7.95892649305011,4.28950007699614
Extant,Saimiri,sciureus,6.68336094576627,3.18387021566939
Extant,Saimiri,oerstedii,6.67076632084587,3.2216719121702
Extant,Aotus,lemurinus,6.59850902861452,2.79116510781272
Extant,Aotus,trivirgatus,6.89669433162271,2.82435065679837
Extant,Aotus,azarae,7.09423484592476,3.02868337369368
Extant,Aotus,nancymaae,6.6682282484174,2.88424189752063
Extant,Saguinus,fuscicollis,5.99396142730657,2.07191327525904
Extant,Saguinus,nigricollis,6.16541785423142,2.18605127673809
Extant,Saguinus,leucopus,6.26339826259162,2.27212588550934
Extant,Saguinus,mystax,6.36990098282823,2.40604380136228
Extant,Saguinus,labiatus,6.25382881157547,2.30358459332713
Extant,Saguinus,oedipus,6.06610809010375,2.278292400425
Extant,Saguinus,geoffroyi,6.24804287450843,2.31648799816304
Extant,Saguinus,niger,5.92692602597041,2.24918431626693
Extant,Saguinus,midas,6.33327962813969,2.28033948404673
Extant,Callimico,goeldii,6.18208490671663,2.43624147780672
Extant,Callithrix,penicillata,5.79301360838414,1.99061032797322
Extant,Callithrix,jacchus,5.76832099579377,1.97962120639763
Extant,Callithrix,kuhlii,5.92246274700974,2.07568449280212
Extant,Cebuella,pygmaea,4.75359019110636,1.45861502269952
Extant,Leontopithecus,rosalia,6.4118182677099,2.55178617862755
Extant,Leontopithecus,chrysomelas,6.48463523563525,2.47148362945586
Fossil,Chilecebus,carrascoenis,6.36647044773144,2.03077636969855
Extant,Homo,sapiens,11.0821425488778,7.1929342212158
Fossil,Homo,neanderthalensis,11.230562553996,7.2868764117507
Fossil,Homo,heidelbergensis,11.1433100097558,7.01961860546084
Fossil,Homo,erectus,10.8395809117065,6.85775588398772
Fossil,Homo,ergaster,10.8197782844103,6.68713354521144
Fossil,Australopithecus,sediba,10.1924188443883,6.04025471127741
Fossil,Homo,habilis,10.3920675673548,6.25845272019861
Fossil,Paranthropus,boisei,10.4716382429214,6.18647607784343
Fossil,Paranthropus,robustus,10.312280450737,6.27287700654617
Fossil,Australopithecus,africanus,10.3254819625955,6.07292932009025
Fossil,Australopithecus,afarensis,10.5738777459735,6.0282785202307
Extant,Pan,paniscus,10.5738777459735,5.83273255574711
Extant,Pan,troglodytes,10.7136841663987,5.90903357312882
Extant,Gorilla,beringei,11.7752897294377,6.19699387482293
Extant,Gorilla,gorilla,11.7031325160382,6.19524177593123
Extant,Pongo,abelii,10.9464109353436,5.9648638653108
Extant,Pongo,pygmaeus,10.953434669223,5.93325263735957
Fossil,Oreopithecus,bambolii,10.3089526606443,5.94819163487452
Extant,Symphalangus,syndactylus,9.3321154289021,4.81624115606803
Extant,Nomascus,gabriellae,8.90449432889673,4.7823116827405
Extant,Nomascus,leucogenys,8.7826296549207,4.80377511285515
Extant,Hylobates,klossii,8.66475075577385,4.47722317165747
Extant,Hylobates,lar,8.62962862074603,4.62369749060197
Extant,Hylobates,muelleri,8.66922734727174,4.44417949989597
Extant,Hylobates,agilis,8.6741969402259,4.51261620437748
Extant,Hylobates,pileatus,8.60703389541603,4.43899753093351
Fossil,Ekembo,heseloni,9.61580548008435,5.08407161216944
Extant,Cercopithecus,hamlyni,8.39502555744203,4.18813844150846
Extant,Cercopithecus,mona,8.22121009392507,4.12455040427917
Extant,Cercopithecus,campbelli,8.1886891244442,4.04987007212027
Extant,Cercopithecus,pogonias,8.18311807939475,4.08698420781581
Extant,Cercopithecus,neglectus,8.60337088765729,4.18920009323478
Extant,Cercopithecus,diana,8.422882511945,4.13692500975722
Extant,Cercopithecus,ascanius,8.21986474191265,4.08731994728514
Extant,Cercopithecus,cephus,8.18451375303372,4.17837929116517
Extant,Cercopithecus,petaurista,8.19118600464279,4.00878667386045
Extant,Cercopithecus,nictitans,8.60611940061064,4.26450918874542
Extant,Cercopithecus,mitis,8.71751837264977,4.26731699628995
Extant,Miopithecus,ogouensis,7.46737106691756,3.62033291157883
Extant,Miopithecus,talapoin,7.09007683577609,3.68887945411394
Extant,Erythrocebus,patas,9.15377002048779,4.58220857435074
Extant,Cercopithecus,lhoesti,8.45744318701046,4.30676415017333
Extant,Chlorocebus,sabaeus,8.36915711258883,4.17300169504538
Extant,Chlorocebus,pygerythrus,8.3719361787591,4.13644573824074
Extant,Chlorocebus,aethiops,8.22147894726719,4.17438726989564
Extant,Allenopithecus,nigroviridis,8.44569718971117,4.06078777869326
Extant,Cercocebus,atys,9.0595174822416,4.55050278464578
Extant,Cercocebus,torquatus,8.92065629685373,4.66334475003916
Extant,Cercocebus,galeritus,8.91395385889425,4.59582667098494
Extant,Cercocebus,agilis,8.93326847863642,4.75729023404892
Extant,Mandrillus,leucophaeus,9.61580548008435,4.99721227376411
Extant,Mandrillus,sphinx,10.0690019910137,5.03617307788409
Fossil,Procercocebus,antiquus,9.71111565988867,4.89034912822175
Extant,Papio,cynocephalus,9.74975345259409,5.09491516614284
Extant,Papio,anubis,9.806425839693,5.12050562523191
Extant,Papio,ursinus,10.0123419574482,5.18178355029209
Extant,Papio,hamadryas,9.55746990307138,4.9847703279012
Extant,Lophocebus,aterrimus,8.8246778911642,4.62094510510345
Extant,Lophocebus,albigena,8.84649693855884,4.54297558239497
Extant,Theropithecus,gelada,9.63887075301534,4.89282725812737
Fossil,Theropithecus,oswaldi,10.3508940284325,5.07604843264449
Fossil,Theropithecus,brumpti,10.3577428248137,5.23110861685459
Fossil,Theropithecus,baringensis,10.1658518170036,4.85981240436167
Fossil,Papio,izodi,9.76995615991161,4.77068462446567
Fossil,Parapapio,broomi,9.7981270368783,5.09067800176979
Fossil,Parapapio,jonesi,9.71111565988867,4.7361984483945
Fossil,Parapapio,whitei,10.0212705881925,5.01063529409626
Extant,Macaca,sylvanus,9.39914089486785,4.53474772169155
Extant,Macaca,arctoides,9.23989917421773,4.61214579972452
Extant,Macaca,radiata,8.53385363230935,4.31575327624259
Extant,Macaca,sinica,8.39840965542627,4.24420031776648
Extant,Macaca,assamensis,9.11602969250494,4.5049077640497
Extant,Macaca,tonkeana,9.00393101965314,4.54009818924438
Extant,Macaca,maura,8.62432054529575,4.47015197431
Extant,Macaca,nigra,8.94637482614172,4.55282370561588
Extant,Macaca,silenus,8.9226582995244,4.44265125649032
Extant,Macaca,nemestrina,9.08489052125877,4.65956366981842
Extant,Macaca,leonina,8.63799389156194,4.4496852831477
Extant,Macaca,fascicularis,8.35490952835879,4.15857053452137
Extant,Macaca,mulatta,8.8236479491913,4.4884116253779
Extant,Macaca,fuscata,9.16062477973025,4.63395198741354
Extant,Macaca,cyclopis,8.60703389541603,4.40671924726425
Fossil,Paradoliochopithecus,avernensis,10.1464337311465,5.01063529409626
Extant,Semnopithecus,entellus,9.59845584174923,4.70889937175057
Extant,Trachypithecus,geei,9.22522898446993,4.39814601655377
Extant,Trachypithecus,pileatus,9.37534620656045,4.64092335569391
Extant,Trachypithecus,johnii,9.35876037709446,4.43793426661218
Extant,Trachypithecus,vetulus,8.73825457652612,4.11561669749764
Extant,Trachypithecus,cristatus,8.76311532961979,4.05802629954799
Extant,Trachypithecus,phayrei,8.91931939825889,4.28826525485941
Extant,Trachypithecus,obscurus,8.86163359768663,4.12906799828049
Extant,Rhinopithecus,bieti,9.11602969250494,4.74240720429318
Extant,Rhinopithecus,roxellana,9.59899836176797,4.76864865498057
Extant,Pygathrix,nemaeus,9.18194089745448,4.51535488166573
Extant,Nasalis,larvatus,9.5861020007109,4.52504414150881
Extant,Simias,concolor,8.98406692765304,4.0676582969596
Extant,Presbytis,comata,8.80911625812527,4.38576962095272
Extant,Presbytis,rubicunda,8.74289347151214,4.26296152751494
Extant,Presbytis,melalophos,8.78874588193814,4.17207691076245
Extant,Presbytis,thomasi,8.81433042263877,4.28950007699614
Extant,Presbytis,femoralis,8.83171191782158,4.300545392806
Extant,Presbytis,chrysomelas,8.81269461292015,4.27819273092867
Extant,Presbytis,frontata,8.63319686717254,4.39469603777454
Fossil,Mesopithecus,pentelicus,9.30565055178051,4.28358656186063
Extant,Colobus,guereza,9.05823759376623,4.30932152420325
Extant,Colobus,polykomos,9.11602969250494,4.30176515307107
Extant,Colobus,vellerosus,8.96443983353936,4.29141788580313
Extant,Colobus,angolensis,9.06242024189956,4.3528552573736
Extant,Colobus,satanas,9.09492952046486,4.31615389052317
Extant,Procolobus,verus,8.40065937516029,3.96271611974366
Fossil,Cercopithecoides,williamsi,9.7981270368783,5.04773838204776
Fossil,Victoriapithecus,macinnesi,8.41183267575841,3.97499780458953
Fossil,Aegyptopithecus,zeuxis,8.81135422996573,3.53193320365121
Fossil,Catopithecus,browni,6.80239476332431,1.16938135955632
Fossil,Parapithecus,grangeri,7.49554194388426,2.44755086324423
Extant,Tarsius,bancanus,4.83628190695148,1.15057202759882
Extant,Tarsius,syrichta,4.83628190695148,1.21194097397511
Fossil,Necrolemur,antiquus,5.4510384535657,1.36863942588117
Fossil,Microchoerus,erinaceus,6.3919171133926,1.44926916028128
Fossil,Tetonius,homunculus,4.30406509320417,0.457424847038875
Fossil,Rooneyia,viejaensis,6.66185474054531,2.02287119019144
Fossil,Plesiadapis,tricuspidens,8.67488046725183,1.64865862558738
Extant,Cynocephalus,volans,6.69703424766648,1.82454929205105
Extant,Xerus,erythropus,6.21939661515399,1.89311196348834
Extant,Xerus,rutilus,6.04025471127741,1.62531126159039
Extant,Spermophilopsis,leptodactylus,6.20455776256869,1.8213182714696
Extant,Marmota,monax,6.83000993035728,1.92570744173779
Extant,Marmota,himalayana,8.79482492801452,2.72981169288372
Extant,Marmota,flaviventris,7.9373746961633,2.39425228151987
Extant,Marmota,olympus,8.74830332507678,2.64191039859766
Extant,Spermophilus,lateralis,5.37989735354046,0.982078472412158
Extant,Spermophilus,beecheyi,6.35088571671474,1.63315443905142
Extant,Spermophilus,franklinii,5.95324333428778,1.34025042261848
Extant,Spermophilus,tridecemlineatus,4.98360662170834,0.85015092936961
Extant,Spermophilus,columbianus,6.22653666928747,1.31640823365572
Extant,Spermophilus,parryii,6.1779441140506,1.62531126159039
Extant,Spermophilus,richardsonii,5.8805329864007,0.982078472412158
Extant,Spermophilus,townsendii,5.23644196282995,0.72270598280149
Extant,Spermophilus,beldingi,5.41610040220442,1.18784342239605
Extant,Spermophilus,undulatus,6.52209279817015,1.57691472072854
Extant,Spermophilus,citellus,5.98133845080897,0.978326122793608
Extant,Cynomys,ludovicianus,6.65415252018322,1.98787434815435
Extant,Cynomys,gunnisoni,6.6799759992634,1.64093657949347
Extant,Cynomys,leucurus,6.82979373751242,1.7404661748405
Extant,Ammospermophilus,leucurus,4.66202299758087,0.845868267577609
Extant,Ammospermophilus,harrisii,4.80402104473326,0.806475865866949
Extant,Tamias,striatus,4.70953020131233,0.774727167552368
Extant,Tamias,dorsalis,4.13868037604215,0.683096844706444
Extant,Tamias,cinereicollis,4.12228393091134,0.60431596685333
Extant,Tamias,quadrivittatus,3.91202300542815,0.53062825106217
Extant,Tamias,panamintinus,3.85651029549789,0.60431596685333
Extant,Tamias,speciosus,4.0943445622221,0.62057648772511
Extant,Tamias,quadrimaculatus,4.36437169943516,0.770108221696074
Extant,Tamias,minimus,3.71357206670431,0.470003629245736
Extant,Paraxerus,cepapi,4.99043258677874,1.04731899428056
Extant,Funisciurus,carruthersi,5.59098698051086,1.49962304642689
Extant,Funisciurus,anerythrus,5.38449506278909,1.42069578783722
Extant,Heliosciurus,ruwenzorii,5.67332326717149,1.54115907168081
Extant,Petaurista,elegans,6.82871207164168,2.04898233419513
Extant,Petaurista,petaurista,7.16626597413364,2.46214966266538
Extant,Pteromyscus,pulverulentus,5.41387570718231,1.26694760348732
Extant,Aeromys,tephromelas,7.02997291170639,2.33601986908028
Extant,Pteromys,volans,4.08142817028887,0.667829372575655
Extant,Hylopetes,spadiceus,4.8283137373023,0.625938430866495
Extant,Glaucomys,volans,4.09767235231478,0.587786664902119
Extant,Tamiasciurus,hudsonicus,5.30578938138674,1.30019166206648
Extant,Sciurus,niger,6.66695679242921,2.03992078351755
Extant,Sciurus,granatensis,5.52146091786225,1.77664583141801
Extant,Sciurus,anomalus,5.54517744447956,1.71559810826249
Extant,Sciurus,aureogaster,6.45362499889269,2.05540496385159
Extant,Sciurus,vulgaris,5.66642668811243,1.74919985480926
Extant,Ratufa,bicolor,7.62559507213245,2.39880395073459
Extant,Ratufa,affinis,6.89010034374342,2.287471455184
Extant,Ratufa,indica,6.96602418710611,2.82375700881418
Extant,Funambulus,pennantii,4.53152364581979,0.741937344729377
Extant,Rhinosciurus,laticaudatus,5.52146091786225,1.45395300959371
Extant,Dremomys,rufigenis,5.29831736654804,1.68824909285839
Extant,Callosciurus,caniceps,5.52146091786225,1.79508725932073
Extant,Callosciurus,notatus,5.24702407216049,1.59127394180643
Extant,Lariscus,insignis,5.29831736654804,1.4747630091075
Extant,Callosciurus,prevostii,5.99146454710798,1.87487437593856
Extant,Aplodontia,rufa,7.00306545878646,1.95160817016995
Extant,Glis,glis,4.99721227376411,0.641853886172395
Extant,Hoplomys,gymnurus,6.08427159669419,1.41827740697294
Extant,Spalacopus,cyanus,4.34380542185368,0.457424847038875
Extant,Octodon,degus,5.34710753071747,0.732367893713227
Extant,Dinomys,branickii,9.43348392329039,3.29398329735501
Extant,Cavia,aperea,5.91620206260743,1.08856195281461
Extant,Dasyprocta,azarae,7.99860753633878,2.9041650800285
Extant,Dasyprocta,punctata,8.06211758275474,3.11218108619724
Extant,Myoprocta,acouchy,7.13089883029635,2.39151130218845
Extant,Cuniculus,paca,8.1961611392829,3.62434093297637
Extant,Erethizon,dorsatum,8.21630429147717,2.83907846350861
Extant,Thryonomys,swinderianus,8.18311807939475,2.58625914404829
Extant,Thryonomys,gregorianus,8.1605182474775,2.41323161308111
Extant,Heterocephalus,glaber,3.14845336057165,-0.941608539858445
Extant,Heliophobius,argenteocinereus,4.47733681447821,0.357674444271816
Extant,Bathyergus,suillus,6.58340922215876,1.32175583998232
Extant,Atherurus,africanus,8.06463647577422,2.9704144655697
Extant,Hystrix,cristata,9.61580548008435,3.47815842279828
Extant,Massoutiera,mzabi,5.20948615284142,0.841567185678219
Extant,Felovia,vae,5.2257466737132,0.837247524533702
Extant,Meriones,unguiculatus,3.93963817246112,0.122217632724249
Extant,Psammomys,obesus,4.23555473077362,0.262364264467491
Extant,Tatera,indica,4.85203026391962,0.609765571620894
Extant,Gerbillurus,paeba,3.23474917402449,-0.174353387144778
Extant,Gerbilliscus,brantsii,4.38014987466102,0.444685821261446
Extant,Desmodillus,auricularis,3.95699637107088,-0.0512932943875506
Extant,Deomys,ferrugineus,3.94739014926544,0.165514438477573
Extant,Lophuromys,sikapusi,3.97217692824789,0.122217632724249
Extant,Lophuromys,flavopunctatus,4.00733318523247,0.00995033085316809
Extant,Acomys,cahirinus,3.43398720448515,-0.430782916092454
Extant,Acomys,wilsoni,2.91777073208428,-0.544727175441672
Extant,Uranomys,ruddi,3.40119738166216,-0.261364764134408
Extant,Maxomys,whiteheadi,3.95028171754524,0.0295588022415444
Extant,Maxomys,surifer,5.15617759938691,0.683096844706444
Extant,Nesokia,indica,5.18178355029209,0.683096844706444
Extant,Rattus,fuscipes,4.90527477843843,0.488580014818671
Extant,Rattus,tunneyi,4.33073334028633,0.343589704390077
Extant,Rattus,sordidus,4.8283137373023,0.53062825106217
Extant,Rattus,lutreolus,4.8283137373023,0.494696241836107
Extant,Rattus,exulans,3.85121086603139,-0.116533816255952
Extant,Rattus,rattus,5.00896723699556,0.357674444271816
Extant,Rattus,nitidus,4.97673374242057,0.53062825106217
Extant,Rattus,norvegicus,5.70711026474888,0.845868267577609
Extant,Sundamys,muelleri,5.7037824746562,1.06125650212434
Extant,Berylmys,bowersi,5.88887795833288,1.39624469197306
Extant,Niviventer,cremoriventer,4.19418989719182,0.27763173659828
Extant,Leopoldamys,edwardsi,5.85793315448346,1.43983512804792
Extant,Leopoldamys,sabanus,5.62401750618734,1.22082992139236
Extant,Micromys,minutus,1.85629799036563,-1.23787435600162
Extant,Pogonomys,macrourus,4.04305126783455,0.371563556432483
Extant,Pogonomys,sylvestris,3.68887945411394,0.122217632724249
Extant,Conilurus,penicillatus,5.01063529409626,0.647103242058538
Extant,Mesembriomys,gouldii,6.361302477573,1.52388002407245
Extant,Melomys,cervinipes,4.17592454921452,0.27002713721306
Extant,Melomys,rufescens,4.09600984154116,0.254642218373581
Extant,Notomys,alexis,3.55534806148941,-0.0408219945202552
Extant,Notomys,mitchellii,3.95124371858143,-0.0304592074847086
Extant,Notomys,cervinus,3.55534806148941,0.0295588022415444
Extant,Pseudomys,australis,4.17438726989564,0.148420005118273
Extant,Pseudomys,hermannsburgensis,2.66722820658195,-0.713349887877465
Extant,Pseudomys,delicatulus,2.24070968927596,-0.891598119283784
Extant,Pseudomys,higginsi,4.14709512760763,0.27763173659828
Extant,Hydromys,chrysogaster,5.73657229747919,1.4655675420144
Extant,Chiropodomys,gliroides,3.23080439573347,-0.356674943938732
Extant,Golunda,ellioti,4.39197696552705,-0.116533816255952
Extant,Oenomys,hypoxanthus,4.40671924726425,0.173953307123438
Extant,Thamnomys,venustus,4.17438726989564,0.122217632724249
Extant,Dasymys,incomtus,4.85203026391962,0.314810739840034
Extant,Rhabdomys,pumilio,3.78418963391826,-0.371063681390832
Extant,Arvicanthis,niloticus,4.48863636973214,0.285178942233662
Extant,Lemniscomys,striatus,3.85014760171006,-0.162518929497775
Extant,Aethomys,chrysophilus,4.21950770517611,0.22314355131421
Extant,Thallomys,paedulcus,4.39444915467244,-0.198450938723838
Extant,Grammomys,dolichurus,3.37587957367787,-0.174353387144778
Extant,Hybomys,univittatus,4.00186370942794,0.0676586484738149
Extant,Otomys,irroratus,4.77068462446567,0.322083499169113
Extant,Otomys,angoniensis,4.53528405852393,0.350656871613169
Extant,Mus,musculus,3.48737507790321,-0.798507696217772
Extant,Mus,booduga,2.21375387928743,-1.17118298150295
Extant,Mus,musculoides,2.16561923792089,-0.994252273343867
Extant,Mus,minutoides,1.70474809223843,-1.30933331998376
Extant,Malacomys,edwardsi,4.24706564923976,0.165514438477573
Extant,Malacomys,longipes,4.28013232699254,0.364643113587909
Extant,Apodemus,sylvaticus,3.13549421592915,-0.544727175441672
Extant,Apodemus,flavicollis,3.46573590279973,-0.356674943938732
Extant,Mastomys,natalensis,4.17438726989564,-0.261364764134408
Extant,Praomys,tullbergi,3.69137633431252,-0.150822889734584
Extant,Tscherskia,triton,4.29592393562047,0.254642218373581
Extant,Cricetus,cricetus,5.35185813347607,0.900161349944271
Extant,Mesocricetus,auratus,4.87213921684233,-0.198450938723838
Extant,Ondatra,zibethicus,7.14282740116162,1.89160480419777
Extant,Neofiber,alleni,5.60027209828654,1.00063188030791
Extant,Lemmus,trimucronatus,4.24849524204936,-0.105360515657826
Extant,Lemmus,lemmus,4.23265617801961,-0.150822889734584
Extant,Myopus,schisticolor,3.29583686600433,-0.579818495252942
Extant,Synaptomys,cooperi,3.34462703017376,-0.527632742082372
Extant,Dicrostonyx,torquatus,4.44265125649032,-0.174353387144778
Extant,Arvicola,amphibius,5.605802066296,0.494696241836107
Extant,Microtus,agrestis,3.43398720448515,-0.562118918153541
Extant,Microtus,guentheri,3.93182563272433,-0.371063681390832
Extant,Microtus,oregoni,2.92852352386054,-0.653926467406664
Extant,Microtus,townsendii,4.05871738457895,-0.127833371509885
Extant,Microtus,montanus,3.85862222870103,-0.371063681390832
Extant,Microtus,pennsylvanicus,3.66356164612965,-0.261364764134408
Extant,Microtus,pinetorum,3.05870707271538,-0.579818495252942
Extant,Microtus,longicaudus,3.84374416467485,-0.356674943938732
Extant,Microtus,ochrogaster,3.56953269648137,-0.342490308946776
Extant,Microtus,californicus,3.68887945411394,-0.2484613592985
Extant,Microtus,mexicanus,3.55534806148941,-0.616186139423817
Extant,Lagurus,lagurus,3.01062088604774,-0.867500567704723
Extant,Myodes,glareolus,3.08648663682246,-0.653926467406664
Extant,Myodes,gapperi,2.85070650150373,-0.579818495252942
Extant,Myodes,rutilus,3.13549421592915,-0.579818495252942
Extant,Myodes,rufocanus,3.61091791264422,-0.49429632181478
Extant,Ototylomys,phyllotis,4.14313472639153,0.285178942233662
Extant,Nyctomys,sumichrasti,3.84374416467485,0.0769610411361284
Extant,Sigmodon,hispidus,4.35670882668959,0.131028262406404
Extant,Oligoryzomys,longicaudatus,3.32503602069659,-0.400477566597125
Extant,Oryzomys,palustris,3.61091791264422,-0.127833371509885
Extant,Holochilus,sciureus,4.7211738617444,0.343589704390077
Extant,Phyllotis,darwini,3.93769075217672,-0.0618754037180875
Extant,Neotoma,fuscipes,5.25227342804663,0.978326122793608
Extant,Neotoma,cinerea,5.6021188208797,0.974559639998131
Extant,Neotoma,micropus,5.42934562895444,0.978326122793608
Extant,Neotoma,floridana,5.73334127689775,1.11185751541813
Extant,Neotoma,albigula,5.23644196282995,0.774727167552368
Extant,Neotoma,mexicana,5.31320597904179,0.688134638736401
Extant,Ochrotomys,nuttalli,3.02771531940704,-0.371063681390832
Extant,Scotinomys,teguina,2.36085400111802,-0.867500567704723
Extant,Scotinomys,xerampelinus,2.72129542785223,-0.653926467406664
Extant,Peromyscus,aztecus,3.68210656982651,-0.083381608939051
Extant,Peromyscus,guatemalensis,3.96707921117622,0.148420005118273
Extant,Peromyscus,grandis,4.34795265434013,0.425267735404344
Extant,Peromyscus,zarhynchus,4.43105486574124,0.262364264467491
Extant,Peromyscus,mexicanus,4.1026433650368,-0.0100503358535015
Extant,Peromyscus,melanophrys,3.79706098695846,-0.0618754037180875
Extant,Peromyscus,megalops,4.19268046294296,0.113328685307003
Extant,Peromyscus,furvus,4.02553024622174,0.0582689081239758
Extant,Podomys,floridanus,3.73766961828337,-0.0618754037180875
Extant,Peromyscus,boylii,3.34638914516716,-0.342490308946776
Extant,Peromyscus,pectoralis,3.27184770963431,-0.430782916092454
Extant,Peromyscus,difficilis,3.67503404729188,-0.105360515657826
Extant,Peromyscus,truei,3.2846635654062,-0.287682072451781
Extant,Peromyscus,eremicus,3.18841661738349,-0.616186139423817
Extant,Peromyscus,californicus,3.51452606696916,-0.0943106794712413
Extant,Peromyscus,crinitus,3.07269331469012,-0.63487827243597
Extant,Peromyscus,melanotis,3.67882911826043,-0.462035459596559
Extant,Peromyscus,polionotus,2.63905732961526,-0.867500567704723
Extant,Peromyscus,maniculatus,2.83321334405622,-0.7339691750802
Extant,Peromyscus,gossypinus,3.2188758248682,-0.385662480811985
Extant,Peromyscus,leucopus,3.04452243772342,-0.510825623765991
Extant,Osgoodomys,banderanus,3.82078452499387,-0.0618754037180875
Extant,Reithrodontomys,megalotis,2.17475172148416,-0.916290731874155
Extant,Isthmomys,pirrensis,4.92725368515721,0.536493370514568
Extant,Saccostomus,campestris,3.74242022104197,-0.198450938723838
Extant,Cricetomys,gambianus,5.4380793089232,0.936093359170335
Extant,Cricetomys,emini,7.17011954344963,1.71918877639322
Extant,Beamys,hindei,4.43793426661218,0.104360015324243
Extant,Mystromys,albicaudatus,4.35670882668959,0.3293037471426
Extant,Tachyoryctes,splendens,5.20948615284142,0.693147180559945
Extant,Napaeozapus,insignis,3.11129061418826,-0.7339691750802
Extant,Zapus,hudsonius,2.90142159408275,-0.843970070294529
Extant,Zapus,trinotatus,3.31418600467253,-0.616186139423817
Extant,Zapus,princeps,3.29583686600433,-0.653926467406664
Extant,Jaculus,jaculus,4.24849524204936,0.19062035960865
Extant,Pedetes,capensis,8.05721909780768,2.40604380136228
Extant,Thomomys,talpoides,4.50645421304893,0.0582689081239758
Extant,Zygogeomys,trichopus,6.30078579466324,1.33762918913861
Extant,Orthogeomys,hispidus,6.29545048626629,1.34547236659964
Extant,Orthogeomys,heterodus,6.44571981938558,1.42551507427317
Extant,Geomys,bursarius,5.25749537202778,0.444685821261446
Extant,Geomys,pinetis,5.74620319054015,0.883767540168595
Extant,Thomomys,bottae,5.22143632221208,0.392042087776024
Extant,Thomomys,bulbivorus,5.8406416573734,0.797507195884188
Extant,Microdipodops,megacephalus,2.61006979274201,-0.693147180559945
Extant,Microdipodops,pallidus,2.55722731136763,-0.63487827243597
Extant,Dipodomys,spectabilis,4.98770778945255,0.751416088683921
Extant,Dipodomys,ordii,4.09767235231478,0.336472236621213
Extant,Dipodomys,merriami,3.71357206670431,0.29266961396282
Extant,Dipodomys,panamintinus,4.30406509320417,0.431782416425538
Extant,Dipodomys,heermanni,4.26689632742025,0.336472236621213
Extant,Dipodomys,microps,4.18509892549057,0.165514438477573
Extant,Dipodomys,agilis,4.1174098351531,0.29266961396282
Extant,Dipodomys,deserti,4.74232002413533,0.518793793415168
Extant,Chaetodipus,baileyi,3.44041809481544,-0.430782916092454
Extant,Chaetodipus,hispidus,3.56104608260405,-0.415515443961666
Extant,Chaetodipus,penicillatus,2.80336038090653,-0.82098055206983
Extant,Chaetodipus,spinatus,2.94968833505258,-0.776528789498996
Extant,Chaetodipus,californicus,3.25809653802148,-0.510825623765991
Extant,Chaetodipus,fallax,3.01062088604774,-0.653926467406664
Extant,Chaetodipus,formosus,2.72785282839839,-0.843970070294529
Extant,Perognathus,flavus,2.07944154167984,-1.20397280432594
Extant,Perognathus,alticolus,4.24849524204936,-0.186329578191493
Extant,Liomys,salvini,3.78418963391826,-0.261364764134408
Extant,Heteromys,anomalus,4.24849524204936,0.0198026272961797
Extant,Heteromys,desmarestianus,4.34510328056928,0.122217632724249
Extant,Liomys,pictus,3.69386699562498,-0.287682072451781
Extant,Liomys,irroratus,4.05525717351405,0.0198026272961797
Extant,Castor,canadensis,8.32161616781983,3.06339092202781
Extant,Castor,fiber,10.1266311038503,3.64414356027254
Extant,Ochotona,rufescens,5.24702407216049,0.770108221696074
Extant,Ochotona,hyperborea,4.78749174278205,0.488580014818671
Extant,Ochotona,princeps,5.11799381241676,0.587786664902119
Extant,Romerolagus,diazi,6.14328394016816,1.47704872438835
Extant,Poelagus,marjorita,7.82791850307017,2.31253542384721
Extant,Lepus,americanus,7.24422751560335,2.2082744135228
Extant,Lepus,arcticus,8.47845236309981,2.72129542785223
Extant,Lepus,timidus,7.90100705199242,2.55722731136763
Extant,Lepus,townsendii,8.12315455185649,2.52892353520477
Extant,Lepus,alleni,8.27639470486331,2.65955999194178
Extant,Lepus,californicus,7.81197342962202,2.46044317760963
Extant,Lepus,flavigularis,7.82404601085629,2.40964416528745
Extant,Lepus,capensis,7.40549566319947,2.30258509299405
Extant,Lepus,oiostolus,7.8113862127095,2.5408142817263
Extant,Lepus,nigricollis,7.51752085060303,2.19053558918542
Extant,Lepus,europaeus,8.11072758297449,2.62466859216316
Extant,Lepus,saxatilis,7.86081371784851,2.39789527279837
Extant,Lepus,microtis,7.47511812368771,2.32727770558442
Extant,Lepus,mandshuricus,7.51428191525831,2.43185742869818
Extant,Lepus,sinensis,7.38237946698609,2.22462355152433
Extant,Sylvilagus,palustris,7.21172646060673,1.94591014905531
Extant,Sylvilagus,transitionalis,6.70135821914654,1.96990565461153
Extant,Sylvilagus,floridanus,7.10249935577465,1.94591014905531
Extant,Sylvilagus,cunicularius,7.81985323343659,2.06939120582633
Extant,Sylvilagus,nuttallii,6.68653487722978,1.87180217690159
Extant,Sylvilagus,audubonii,6.58617165485467,1.70474809223843
Extant,Brachylagus,idahoensis,6.06654882823125,1.25276296849537
Extant,Oryctolagus,cuniculus,8.43598313599069,2.30757263450508
Extant,Tupaia,belangeri,4.47392189937814,1.13462272619114
Extant,Tupaia,glis,5.13579843705026,1.16315080980568
Extant,Tupaia,javanica,4.65396035015752,0.936093359170335
Extant,Tupaia,minor,4.24849524204936,0.947789398933526
Extant,Urogale,everetti,5.61677109766657,1.45395300959371
Extant,Euphractus,sexcinctus,8.98594603876032,3.51154543883102
Fossil,Glyptodon,,14.2068767416929,5.41052935715496
Extant,Dasypus,novemcinctus,8.3039999709552,2.32727770558442
Extant,Tamandua,tetradactyla,7.91571319938212,3.23474917402449
Extant,Myrmecophaga,tridactyla,10.244332358385,4.22390976657674
Extant,Bradypus,variegatus,8.0318858555371,2.70068984669592
Extant,Choloepus,hoffmanni,8.43698046929106,3.17805383034795
Extant,Choloepus,didactylus,8.31385226739821,3.25540059955057
Extant,Elephas,maximus,14.9243972173882,8.55857502919501
Fossil,Mammuthus,columbi,16.0978929436408,8.73745258755058
Fossil,Mammuthus,primigenius,15.6072700271923,8.45254799792271
Extant,Loxodonta,africana,15.286414184145,8.66676253579103
Fossil,Palaeoloxodon,falconeri,12.0317192583854,7.49554194388426
Fossil,Palaeoloxodon,antiquus,15.1102048483059,8.60263667323371
Fossil,Stegodon,insignis,14.5086577385242,8.25270667656764
Fossil,Mammut,americanum,15.8949520996441,8.44031214708028
Fossil,Moeritherium,lyonsi,13.6047895266486,5.48063892334199
Extant,Procavia,capensis,8.03592636989179,2.99922616280825
Extant,Dugong,dugon,11.9511803959014,5.52146091786225
Extant,Trichechus,manatus,13.0919041699196,5.75890177387728
Fossil,Prorastomus,sirenoides,11.4943133287582,4.46590811865458
Extant,Orycteropus,afer,10.7066095863046,4.65014355163082
Extant,Rhynchocyon,cirnei,6.19440539110467,1.80828877117927
Extant,Elephantulus,fuscipes,4.04305126783455,0.285178942233662
Extant,Oryzorictes,hova,3.78872478908365,-0.544727175441672
Extant,Microgale,cowani,2.72129542785223,-0.867500567704723
Extant,Limnogale,mergulus,4.52178857704904,0.139761942375159
Extant,Geogale,aurita,2.30258509299405,-2.12026353620009
Extant,Tenrec,ecaudatus,6.72383244082121,0.943905898907128
Extant,Hemicentetes,semispinosus,4.70048036579242,-0.186329578191493
Extant,Setifer,setosus,5.51342874616498,0.412109650826833
Extant,Echinops,telfairi,4.47163879336357,-0.478035800943
Extant,Micropotamogale,lamottei,4.16200321069592,-0.22314355131421
Extant,Micropotamogale,ruwenzorii,4.59005654817804,0.0582689081239758
Extant,Potamogale,velox,6.49223983502047,1.42551507427317
Extant,Chrysochloris,asiatica,3.89182029811063,-0.356674943938732
Extant,Chrysochloris,stuhlmanni,3.68386691229039,-0.301105092783922
Fossil,Zalambdalestes,lechei,4.41509867573408,0.0198026272961797
Extant,Ornithorhynchus,anatinus,6.94697599213542,2.21593728626837
Fossil,Obdurodon,dicksoni,7.61972421378267,2.73696154459663
Extant,Tachyglossus,aculeatus,8.4595640785796,3.31491301306514
